{
  "user": {
    "precision": 0.7894736842105263,
    "recall": 0.9183673469387755,
    "f1-score": 0.8490566037735849,
    "support": 49,
    "confused_with": {
      "item": 4
    }
  },
  "yes_no_answer": {
    "precision": 0.0,
    "recall": 0.0,
    "f1-score": 0.0,
    "support": 2,
    "confused_with": {
      "user": 2
    }
  },
  "item": {
    "precision": 0.9056603773584906,
    "recall": 0.8571428571428571,
    "f1-score": 0.8807339449541285,
    "support": 56,
    "confused_with": {
      "user": 6,
      "quantity": 1
    }
  },
  "quantity": {
    "precision": 0.9375,
    "recall": 0.8333333333333334,
    "f1-score": 0.8823529411764706,
    "support": 18,
    "confused_with": {
      "user": 2,
      "item": 1
    }
  },
  "uom": {
    "precision": 1.0,
    "recall": 1.0,
    "f1-score": 1.0,
    "support": 7,
    "confused_with": {}
  },
  "micro avg": {
    "precision": 0.8646616541353384,
    "recall": 0.8712121212121212,
    "f1-score": 0.8679245283018867,
    "support": 132
  },
  "macro avg": {
    "precision": 0.7265268123138033,
    "recall": 0.7217687074829933,
    "f1-score": 0.7224286979808368,
    "support": 132
  },
  "weighted avg": {
    "precision": 0.8581529671090248,
    "recall": 0.8712121212121212,
    "f1-score": 0.8621759654811615,
    "support": 132
  }
}