{
  "yes_no_answer": {
    "precision": 0.0,
    "recall": 0.0,
    "f1-score": 0.0,
    "support": 1,
    "confused_with": {
      "user": 1
    }
  },
  "item": {
    "precision": 0.9444444444444444,
    "recall": 0.8360655737704918,
    "f1-score": 0.8869565217391304,
    "support": 61,
    "confused_with": {
      "user": 9,
      "quantity": 1
    }
  },
  "user": {
    "precision": 0.7241379310344828,
    "recall": 0.9767441860465116,
    "f1-score": 0.8316831683168318,
    "support": 43,
    "confused_with": {
      "item": 1
    }
  },
  "quantity": {
    "precision": 0.95,
    "recall": 0.95,
    "f1-score": 0.9500000000000001,
    "support": 20,
    "confused_with": {
      "user": 1
    }
  },
  "uom": {
    "precision": 1.0,
    "recall": 0.8125,
    "f1-score": 0.896551724137931,
    "support": 16,
    "confused_with": {
      "user": 2,
      "item": 1
    }
  },
  "micro avg": {
    "precision": 0.8620689655172413,
    "recall": 0.8865248226950354,
    "f1-score": 0.8741258741258741,
    "support": 141
  },
  "macro avg": {
    "precision": 0.7237164750957854,
    "recall": 0.7150619519634007,
    "f1-score": 0.7130382828387787,
    "support": 141
  },
  "weighted avg": {
    "precision": 0.8776527811744246,
    "recall": 0.8865248226950354,
    "f1-score": 0.8738407918433874,
    "support": 141
  }
}