{
  "quantity": {
    "precision": 0.9285714285714286,
    "recall": 0.9285714285714286,
    "f1-score": 0.9285714285714286,
    "support": 14,
    "confused_with": {}
  },
  "item": {
    "precision": 1.0,
    "recall": 0.8545454545454545,
    "f1-score": 0.9215686274509803,
    "support": 55,
    "confused_with": {
      "user": 2
    }
  },
  "user": {
    "precision": 0.9302325581395349,
    "recall": 1.0,
    "f1-score": 0.963855421686747,
    "support": 40,
    "confused_with": {}
  },
  "uom": {
    "precision": 0.9166666666666666,
    "recall": 1.0,
    "f1-score": 0.9565217391304348,
    "support": 11,
    "confused_with": {}
  },
  "micro avg": {
    "precision": 0.9568965517241379,
    "recall": 0.925,
    "f1-score": 0.9406779661016949,
    "support": 120
  },
  "macro avg": {
    "precision": 0.9438676633444075,
    "recall": 0.9457792207792208,
    "f1-score": 0.9426293042098977,
    "support": 120
  },
  "weighted avg": {
    "precision": 0.9607719638242894,
    "recall": 0.925,
    "f1-score": 0.9396852542309049,
    "support": 120
  }
}