{
  "yes_no_answer": {
    "precision": 0.0,
    "recall": 0.0,
    "f1-score": 0.0,
    "support": 1,
    "confused_with": {}
  },
  "item": {
    "precision": 0.9655172413793104,
    "recall": 0.9180327868852459,
    "f1-score": 0.9411764705882353,
    "support": 61,
    "confused_with": {
      "user": 2
    }
  },
  "user": {
    "precision": 0.9347826086956522,
    "recall": 1.0,
    "f1-score": 0.9662921348314606,
    "support": 43,
    "confused_with": {}
  },
  "quantity": {
    "precision": 0.9523809523809523,
    "recall": 1.0,
    "f1-score": 0.975609756097561,
    "support": 20,
    "confused_with": {}
  },
  "uom": {
    "precision": 1.0,
    "recall": 0.875,
    "f1-score": 0.9333333333333333,
    "support": 16,
    "confused_with": {
      "user": 1,
      "item": 1
    }
  },
  "micro avg": {
    "precision": 0.9568345323741008,
    "recall": 0.9432624113475178,
    "f1-score": 0.95,
    "support": 141
  },
  "macro avg": {
    "precision": 0.770536160491183,
    "recall": 0.7586065573770492,
    "f1-score": 0.763282338970118,
    "support": 141
  },
  "weighted avg": {
    "precision": 0.9513462620260286,
    "recall": 0.9432624113475178,
    "f1-score": 0.9461549997086504,
    "support": 141
  }
}