{
  "insert": {
    "precision": 0.8823529411764706,
    "recall": 1.0,
    "f1-score": 0.9375,
    "support": 15,
    "confused_with": {}
  },
  "affirm": {
    "precision": 1.0,
    "recall": 1.0,
    "f1-score": 1.0,
    "support": 2,
    "confused_with": {}
  },
  "remove": {
    "precision": 1.0,
    "recall": 1.0,
    "f1-score": 1.0,
    "support": 5,
    "confused_with": {}
  },
  "deny": {
    "precision": 0.6666666666666666,
    "recall": 1.0,
    "f1-score": 0.8,
    "support": 2,
    "confused_with": {}
  },
  "show": {
    "precision": 1.0,
    "recall": 0.5,
    "f1-score": 0.6666666666666666,
    "support": 2,
    "confused_with": {
      "empty": 1
    }
  },
  "empty": {
    "precision": 0.6666666666666666,
    "recall": 1.0,
    "f1-score": 0.8,
    "support": 2,
    "confused_with": {}
  },
  "logout": {
    "precision": 1.0,
    "recall": 1.0,
    "f1-score": 1.0,
    "support": 2,
    "confused_with": {}
  },
  "goodbye": {
    "precision": 1.0,
    "recall": 0.6666666666666666,
    "f1-score": 0.8,
    "support": 3,
    "confused_with": {
      "greet": 1
    }
  },
  "thankyou": {
    "precision": 0.6,
    "recall": 1.0,
    "f1-score": 0.7499999999999999,
    "support": 3,
    "confused_with": {}
  },
  "greet": {
    "precision": 0.8571428571428571,
    "recall": 0.9230769230769231,
    "f1-score": 0.888888888888889,
    "support": 13,
    "confused_with": {
      "thankyou": 1
    }
  },
  "inform": {
    "precision": 1.0,
    "recall": 0.9180327868852459,
    "f1-score": 0.9572649572649572,
    "support": 61,
    "confused_with": {
      "insert": 2,
      "thankyou": 1
    }
  },
  "accuracy": 0.9272727272727272,
  "macro avg": {
    "precision": 0.8793481028775146,
    "recall": 0.9097978524208031,
    "f1-score": 0.8727564102564103,
    "support": 110
  },
  "weighted avg": {
    "precision": 0.9440437993379169,
    "recall": 0.9272727272727272,
    "f1-score": 0.9290413752913754,
    "support": 110
  }
}