{
  "yes_no_answer": {
    "precision": 0.0,
    "recall": 0.0,
    "f1-score": 0.0,
    "support": 1,
    "confused_with": {}
  },
  "item": {
    "precision": 0.9354838709677419,
    "recall": 0.8656716417910447,
    "f1-score": 0.8992248062015503,
    "support": 67,
    "confused_with": {
      "quantity": 4
    }
  },
  "user": {
    "precision": 0.9767441860465116,
    "recall": 1.0,
    "f1-score": 0.988235294117647,
    "support": 42,
    "confused_with": {}
  },
  "quantity": {
    "precision": 0.8125,
    "recall": 0.9285714285714286,
    "f1-score": 0.8666666666666666,
    "support": 28,
    "confused_with": {
      "user": 1
    }
  },
  "uom": {
    "precision": 1.0,
    "recall": 0.8421052631578947,
    "f1-score": 0.9142857142857143,
    "support": 19,
    "confused_with": {
      "item": 2
    }
  },
  "micro avg": {
    "precision": 0.9281045751633987,
    "recall": 0.9044585987261147,
    "f1-score": 0.9161290322580646,
    "support": 157
  },
  "macro avg": {
    "precision": 0.7449456114028508,
    "recall": 0.7272696667040736,
    "f1-score": 0.7336824962543156,
    "support": 157
  },
  "weighted avg": {
    "precision": 0.9264374214572751,
    "recall": 0.9044585987261147,
    "f1-score": 0.9133250930352885,
    "support": 157
  }
}