{
  "quantity": {
    "precision": 1.0,
    "recall": 1.0,
    "f1-score": 1.0,
    "support": 16,
    "confused_with": {}
  },
  "item": {
    "precision": 0.9411764705882353,
    "recall": 0.8,
    "f1-score": 0.8648648648648648,
    "support": 60,
    "confused_with": {
      "user": 5
    }
  },
  "user": {
    "precision": 0.8695652173913043,
    "recall": 1.0,
    "f1-score": 0.9302325581395349,
    "support": 40,
    "confused_with": {}
  },
  "uom": {
    "precision": 1.0,
    "recall": 0.8888888888888888,
    "f1-score": 0.9411764705882353,
    "support": 9,
    "confused_with": {}
  },
  "micro avg": {
    "precision": 0.9256198347107438,
    "recall": 0.896,
    "f1-score": 0.9105691056910571,
    "support": 125
  },
  "macro avg": {
    "precision": 0.9526854219948849,
    "recall": 0.9222222222222222,
    "f1-score": 0.9340684733981588,
    "support": 125
  },
  "weighted avg": {
    "precision": 0.9300255754475703,
    "recall": 0.896,
    "f1-score": 0.9085742596221391,
    "support": 125
  }
}