{
  "thankyou": {
    "precision": 1.0,
    "recall": 0.6666666666666666,
    "f1-score": 0.8,
    "support": 3,
    "confused_with": {
      "inform": 1
    }
  },
  "insert": {
    "precision": 0.7894736842105263,
    "recall": 1.0,
    "f1-score": 0.8823529411764706,
    "support": 15,
    "confused_with": {}
  },
  "greet": {
    "precision": 0.631578947368421,
    "recall": 0.9230769230769231,
    "f1-score": 0.7499999999999999,
    "support": 13,
    "confused_with": {
      "show": 1
    }
  },
  "remove": {
    "precision": 1.0,
    "recall": 1.0,
    "f1-score": 1.0,
    "support": 5,
    "confused_with": {}
  },
  "logout": {
    "precision": 1.0,
    "recall": 1.0,
    "f1-score": 1.0,
    "support": 2,
    "confused_with": {}
  },
  "empty": {
    "precision": 1.0,
    "recall": 1.0,
    "f1-score": 1.0,
    "support": 2,
    "confused_with": {}
  },
  "goodbye": {
    "precision": 0.6666666666666666,
    "recall": 0.6666666666666666,
    "f1-score": 0.6666666666666666,
    "support": 3,
    "confused_with": {
      "greet": 1
    }
  },
  "show": {
    "precision": 0.6666666666666666,
    "recall": 1.0,
    "f1-score": 0.8,
    "support": 2,
    "confused_with": {}
  },
  "affirm": {
    "precision": 1.0,
    "recall": 1.0,
    "f1-score": 1.0,
    "support": 2,
    "confused_with": {}
  },
  "deny": {
    "precision": 0.0,
    "recall": 0.0,
    "f1-score": 0.0,
    "support": 2,
    "confused_with": {
      "greet": 2
    }
  },
  "inform": {
    "precision": 0.9811320754716981,
    "recall": 0.8524590163934426,
    "f1-score": 0.912280701754386,
    "support": 61,
    "confused_with": {
      "insert": 4,
      "greet": 4
    }
  },
  "accuracy": 0.8727272727272727,
  "macro avg": {
    "precision": 0.7941380036712709,
    "recall": 0.8280790248003362,
    "f1-score": 0.8010273008725022,
    "support": 110
  },
  "weighted avg": {
    "precision": 0.883954741055039,
    "recall": 0.8727272727272727,
    "f1-score": 0.8694037902242236,
    "support": 110
  }
}