{
  "thankyou": {
    "precision": 0.6,
    "recall": 1.0,
    "f1-score": 0.7499999999999999,
    "support": 3,
    "confused_with": {}
  },
  "insert": {
    "precision": 0.8823529411764706,
    "recall": 1.0,
    "f1-score": 0.9375,
    "support": 15,
    "confused_with": {}
  },
  "greet": {
    "precision": 0.6842105263157895,
    "recall": 1.0,
    "f1-score": 0.8125000000000001,
    "support": 13,
    "confused_with": {}
  },
  "remove": {
    "precision": 0.8333333333333334,
    "recall": 1.0,
    "f1-score": 0.9090909090909091,
    "support": 5,
    "confused_with": {}
  },
  "logout": {
    "precision": 0.6666666666666666,
    "recall": 1.0,
    "f1-score": 0.8,
    "support": 2,
    "confused_with": {}
  },
  "empty": {
    "precision": 1.0,
    "recall": 1.0,
    "f1-score": 1.0,
    "support": 2,
    "confused_with": {}
  },
  "goodbye": {
    "precision": 0.6666666666666666,
    "recall": 0.6666666666666666,
    "f1-score": 0.6666666666666666,
    "support": 3,
    "confused_with": {
      "greet": 1
    }
  },
  "show": {
    "precision": 0.5,
    "recall": 0.5,
    "f1-score": 0.5,
    "support": 2,
    "confused_with": {
      "greet": 1
    }
  },
  "affirm": {
    "precision": 1.0,
    "recall": 1.0,
    "f1-score": 1.0,
    "support": 2,
    "confused_with": {}
  },
  "deny": {
    "precision": 0.0,
    "recall": 0.0,
    "f1-score": 0.0,
    "support": 2,
    "confused_with": {
      "greet": 2
    }
  },
  "inform": {
    "precision": 1.0,
    "recall": 0.8360655737704918,
    "f1-score": 0.9107142857142857,
    "support": 61,
    "confused_with": {
      "thankyou": 2,
      "insert": 2
    }
  },
  "accuracy": 0.8727272727272727,
  "macro avg": {
    "precision": 0.7121118303780842,
    "recall": 0.8184302036761053,
    "f1-score": 0.7533156237701693,
    "support": 110
  },
  "weighted avg": {
    "precision": 0.8857275541795665,
    "recall": 0.8727272727272727,
    "f1-score": 0.8688547815820543,
    "support": 110
  }
}