{
  "item": {
    "precision": 0.9846153846153847,
    "recall": 0.8311688311688312,
    "f1-score": 0.9014084507042254,
    "support": 77,
    "confused_with": {
      "user": 2
    }
  },
  "user": {
    "precision": 0.9487179487179487,
    "recall": 1.0,
    "f1-score": 0.9736842105263158,
    "support": 37,
    "confused_with": {}
  },
  "quantity": {
    "precision": 0.9130434782608695,
    "recall": 0.9545454545454546,
    "f1-score": 0.9333333333333332,
    "support": 22,
    "confused_with": {}
  },
  "uom": {
    "precision": 1.0,
    "recall": 0.9285714285714286,
    "f1-score": 0.962962962962963,
    "support": 14,
    "confused_with": {}
  },
  "micro avg": {
    "precision": 0.9642857142857143,
    "recall": 0.9,
    "f1-score": 0.9310344827586207,
    "support": 150
  },
  "macro avg": {
    "precision": 0.9615942028985507,
    "recall": 0.9285714285714286,
    "f1-score": 0.9428472393817093,
    "support": 150
  },
  "weighted avg": {
    "precision": 0.9666993682645856,
    "recall": 0.9,
    "f1-score": 0.9296638753900924,
    "support": 150
  }
}