{
  "remove": {
    "precision": 0.875,
    "recall": 1.0,
    "f1-score": 0.9333333333333333,
    "support": 7,
    "confused_with": {}
  },
  "goodbye": {
    "precision": 0.5,
    "recall": 0.3333333333333333,
    "f1-score": 0.4,
    "support": 3,
    "confused_with": {
      "thankyou": 1,
      "inform": 1
    }
  },
  "inform": {
    "precision": 0.9833333333333333,
    "recall": 0.9672131147540983,
    "f1-score": 0.9752066115702478,
    "support": 61,
    "confused_with": {
      "insert": 1,
      "greet": 1
    }
  },
  "show": {
    "precision": 1.0,
    "recall": 1.0,
    "f1-score": 1.0,
    "support": 4,
    "confused_with": {}
  },
  "logout": {
    "precision": 1.0,
    "recall": 1.0,
    "f1-score": 1.0,
    "support": 2,
    "confused_with": {}
  },
  "insert": {
    "precision": 0.9583333333333334,
    "recall": 1.0,
    "f1-score": 0.9787234042553191,
    "support": 23,
    "confused_with": {}
  },
  "affirm": {
    "precision": 1.0,
    "recall": 1.0,
    "f1-score": 1.0,
    "support": 2,
    "confused_with": {}
  },
  "thankyou": {
    "precision": 0.6666666666666666,
    "recall": 1.0,
    "f1-score": 0.8,
    "support": 4,
    "confused_with": {}
  },
  "deny": {
    "precision": 0.0,
    "recall": 0.0,
    "f1-score": 0.0,
    "support": 2,
    "confused_with": {
      "remove": 1,
      "goodbye": 1
    }
  },
  "empty": {
    "precision": 1.0,
    "recall": 1.0,
    "f1-score": 1.0,
    "support": 1,
    "confused_with": {}
  },
  "greet": {
    "precision": 0.9230769230769231,
    "recall": 0.9230769230769231,
    "f1-score": 0.9230769230769231,
    "support": 13,
    "confused_with": {
      "thankyou": 1
    }
  },
  "accuracy": 0.9426229508196722,
  "macro avg": {
    "precision": 0.8096736596736597,
    "recall": 0.8385112155603959,
    "f1-score": 0.8191218429305295,
    "support": 122
  },
  "weighted avg": {
    "precision": 0.9288251366120218,
    "recall": 0.9426229508196722,
    "f1-score": 0.93386536833599,
    "support": 122
  }
}