{
  "empty": {
    "precision": 0.9166666666666666,
    "recall": 1.0,
    "f1-score": 0.9565217391304348,
    "support": 11,
    "confused_with": {}
  },
  "greet": {
    "precision": 0.953125,
    "recall": 0.9682539682539683,
    "f1-score": 0.9606299212598425,
    "support": 63,
    "confused_with": {
      "thankyou": 1,
      "inform": 1
    }
  },
  "remove": {
    "precision": 0.8620689655172413,
    "recall": 1.0,
    "f1-score": 0.9259259259259259,
    "support": 25,
    "confused_with": {}
  },
  "thankyou": {
    "precision": 0.85,
    "recall": 1.0,
    "f1-score": 0.9189189189189189,
    "support": 17,
    "confused_with": {}
  },
  "goodbye": {
    "precision": 1.0,
    "recall": 0.8,
    "f1-score": 0.888888888888889,
    "support": 15,
    "confused_with": {
      "thankyou": 2,
      "greet": 1
    }
  },
  "insert": {
    "precision": 0.9512195121951219,
    "recall": 1.0,
    "f1-score": 0.975,
    "support": 78,
    "confused_with": {}
  },
  "affirm": {
    "precision": 0.8333333333333334,
    "recall": 1.0,
    "f1-score": 0.9090909090909091,
    "support": 10,
    "confused_with": {}
  },
  "show": {
    "precision": 1.0,
    "recall": 0.7,
    "f1-score": 0.8235294117647058,
    "support": 10,
    "confused_with": {
      "remove": 1,
      "inform": 1
    }
  },
  "inform": {
    "precision": 0.9932203389830508,
    "recall": 0.9701986754966887,
    "f1-score": 0.9815745393634839,
    "support": 302,
    "confused_with": {
      "insert": 4,
      "remove": 2
    }
  },
  "logout": {
    "precision": 1.0,
    "recall": 0.8571428571428571,
    "f1-score": 0.923076923076923,
    "support": 7,
    "confused_with": {
      "deny": 1
    }
  },
  "deny": {
    "precision": 0.75,
    "recall": 0.6666666666666666,
    "f1-score": 0.7058823529411765,
    "support": 9,
    "confused_with": {
      "remove": 1,
      "greet": 1
    }
  },
  "accuracy": 0.9616087751371115,
  "macro avg": {
    "precision": 0.9190576196995831,
    "recall": 0.9056601970509256,
    "f1-score": 0.9062763209419281,
    "support": 547
  },
  "weighted avg": {
    "precision": 0.9641004207106005,
    "recall": 0.9616087751371115,
    "f1-score": 0.9611896179291506,
    "support": 547
  }
}