{
  "yes_no_answer": {
    "precision": 0.0,
    "recall": 0.0,
    "f1-score": 0.0,
    "support": 1,
    "confused_with": {}
  },
  "item": {
    "precision": 0.9649122807017544,
    "recall": 0.9016393442622951,
    "f1-score": 0.9322033898305084,
    "support": 61,
    "confused_with": {
      "user": 2
    }
  },
  "user": {
    "precision": 0.9347826086956522,
    "recall": 1.0,
    "f1-score": 0.9662921348314606,
    "support": 43,
    "confused_with": {}
  },
  "quantity": {
    "precision": 0.9523809523809523,
    "recall": 1.0,
    "f1-score": 0.975609756097561,
    "support": 20,
    "confused_with": {}
  },
  "uom": {
    "precision": 1.0,
    "recall": 0.9375,
    "f1-score": 0.967741935483871,
    "support": 16,
    "confused_with": {
      "item": 1
    }
  },
  "micro avg": {
    "precision": 0.9568345323741008,
    "recall": 0.9432624113475178,
    "f1-score": 0.95,
    "support": 141
  },
  "macro avg": {
    "precision": 0.7704151683556718,
    "recall": 0.767827868852459,
    "f1-score": 0.7683694432486802,
    "support": 141
  },
  "weighted avg": {
    "precision": 0.9510845414492135,
    "recall": 0.9432624113475178,
    "f1-score": 0.9461775508305459,
    "support": 141
  }
}