{
  "yes_no_answer": {
    "precision": 0.0,
    "recall": 0.0,
    "f1-score": 0.0,
    "support": 1,
    "confused_with": {}
  },
  "user": {
    "precision": 0.9565217391304348,
    "recall": 1.0,
    "f1-score": 0.9777777777777777,
    "support": 44,
    "confused_with": {}
  },
  "uom": {
    "precision": 0.9166666666666666,
    "recall": 0.9166666666666666,
    "f1-score": 0.9166666666666666,
    "support": 12,
    "confused_with": {
      "item": 1
    }
  },
  "quantity": {
    "precision": 0.7083333333333334,
    "recall": 0.8947368421052632,
    "f1-score": 0.7906976744186046,
    "support": 19,
    "confused_with": {
      "uom": 1
    }
  },
  "item": {
    "precision": 0.8604651162790697,
    "recall": 0.7708333333333334,
    "f1-score": 0.8131868131868132,
    "support": 48,
    "confused_with": {
      "quantity": 5
    }
  },
  "micro avg": {
    "precision": 0.872,
    "recall": 0.8790322580645161,
    "f1-score": 0.8755020080321285,
    "support": 124
  },
  "macro avg": {
    "precision": 0.688397371081901,
    "recall": 0.7164473684210526,
    "f1-score": 0.6996657864099725,
    "support": 124
  },
  "weighted avg": {
    "precision": 0.869738834165063,
    "recall": 0.8790322580645161,
    "f1-score": 0.8716003634608286,
    "support": 124
  }
}