{
  "insert": {
    "precision": 1.0,
    "recall": 1.0,
    "f1-score": 1.0,
    "support": 15,
    "confused_with": {}
  },
  "affirm": {
    "precision": 1.0,
    "recall": 1.0,
    "f1-score": 1.0,
    "support": 2,
    "confused_with": {}
  },
  "remove": {
    "precision": 1.0,
    "recall": 1.0,
    "f1-score": 1.0,
    "support": 5,
    "confused_with": {}
  },
  "deny": {
    "precision": 0.6666666666666666,
    "recall": 1.0,
    "f1-score": 0.8,
    "support": 2,
    "confused_with": {}
  },
  "show": {
    "precision": 1.0,
    "recall": 0.5,
    "f1-score": 0.6666666666666666,
    "support": 2,
    "confused_with": {
      "empty": 1
    }
  },
  "empty": {
    "precision": 0.6666666666666666,
    "recall": 1.0,
    "f1-score": 0.8,
    "support": 2,
    "confused_with": {}
  },
  "logout": {
    "precision": 0.6666666666666666,
    "recall": 1.0,
    "f1-score": 0.8,
    "support": 2,
    "confused_with": {}
  },
  "goodbye": {
    "precision": 1.0,
    "recall": 0.6666666666666666,
    "f1-score": 0.8,
    "support": 3,
    "confused_with": {
      "greet": 1
    }
  },
  "thankyou": {
    "precision": 0.75,
    "recall": 1.0,
    "f1-score": 0.8571428571428571,
    "support": 3,
    "confused_with": {}
  },
  "greet": {
    "precision": 0.8571428571428571,
    "recall": 0.9230769230769231,
    "f1-score": 0.888888888888889,
    "support": 13,
    "confused_with": {
      "thankyou": 1
    }
  },
  "inform": {
    "precision": 1.0,
    "recall": 0.9508196721311475,
    "f1-score": 0.9747899159663865,
    "support": 61,
    "confused_with": {
      "logout": 1,
      "greet": 1
    }
  },
  "accuracy": 0.9454545454545454,
  "macro avg": {
    "precision": 0.8733766233766235,
    "recall": 0.9127784783522489,
    "f1-score": 0.8715898480604363,
    "support": 110
  },
  "weighted avg": {
    "precision": 0.958116883116883,
    "recall": 0.9454545454545454,
    "f1-score": 0.9465682030387913,
    "support": 110
  }
}