{
  "quantity": {
    "precision": 0.9333333333333333,
    "recall": 0.875,
    "f1-score": 0.9032258064516129,
    "support": 16,
    "confused_with": {
      "user": 2
    }
  },
  "item": {
    "precision": 0.918918918918919,
    "recall": 0.5666666666666667,
    "f1-score": 0.7010309278350515,
    "support": 60,
    "confused_with": {
      "user": 23
    }
  },
  "user": {
    "precision": 0.5671641791044776,
    "recall": 0.95,
    "f1-score": 0.7102803738317757,
    "support": 40,
    "confused_with": {
      "item": 1
    }
  },
  "uom": {
    "precision": 1.0,
    "recall": 1.0,
    "f1-score": 1.0,
    "support": 9,
    "confused_with": {}
  },
  "micro avg": {
    "precision": 0.7421875,
    "recall": 0.76,
    "f1-score": 0.7509881422924901,
    "support": 125
  },
  "macro avg": {
    "precision": 0.8548541078391825,
    "recall": 0.8479166666666667,
    "f1-score": 0.82863427702961,
    "support": 125
  },
  "weighted avg": {
    "precision": 0.8140402850611806,
    "recall": 0.76,
    "f1-score": 0.7513974682127994,
    "support": 125
  }
}