{
  "quantity": {
    "precision": 0.9285714285714286,
    "recall": 0.9285714285714286,
    "f1-score": 0.9285714285714286,
    "support": 14,
    "confused_with": {}
  },
  "item": {
    "precision": 1.0,
    "recall": 0.8545454545454545,
    "f1-score": 0.9215686274509803,
    "support": 55,
    "confused_with": {
      "yes_no_answer": 2,
      "user": 2
    }
  },
  "user": {
    "precision": 0.9302325581395349,
    "recall": 1.0,
    "f1-score": 0.963855421686747,
    "support": 40,
    "confused_with": {}
  },
  "uom": {
    "precision": 0.8461538461538461,
    "recall": 1.0,
    "f1-score": 0.9166666666666666,
    "support": 11,
    "confused_with": {}
  },
  "micro avg": {
    "precision": 0.9487179487179487,
    "recall": 0.925,
    "f1-score": 0.9367088607594937,
    "support": 120
  },
  "macro avg": {
    "precision": 0.9262394582162025,
    "recall": 0.9457792207792208,
    "f1-score": 0.9326655360939556,
    "support": 120
  },
  "weighted avg": {
    "precision": 0.9543082886106142,
    "recall": 0.925,
    "f1-score": 0.9360318725883927,
    "support": 120
  }
}