{
  "yes_no_answer": {
    "precision": 0.0,
    "recall": 0.0,
    "f1-score": 0.0,
    "support": 1,
    "confused_with": {}
  },
  "user": {
    "precision": 0.9555555555555556,
    "recall": 0.9772727272727273,
    "f1-score": 0.9662921348314608,
    "support": 44,
    "confused_with": {}
  },
  "uom": {
    "precision": 0.8,
    "recall": 0.6666666666666666,
    "f1-score": 0.7272727272727272,
    "support": 12,
    "confused_with": {
      "item": 1
    }
  },
  "quantity": {
    "precision": 0.75,
    "recall": 0.7894736842105263,
    "f1-score": 0.7692307692307692,
    "support": 19,
    "confused_with": {
      "uom": 1
    }
  },
  "item": {
    "precision": 0.896551724137931,
    "recall": 0.5416666666666666,
    "f1-score": 0.6753246753246753,
    "support": 48,
    "confused_with": {
      "user": 2
    }
  },
  "micro avg": {
    "precision": 0.8846153846153846,
    "recall": 0.7419354838709677,
    "f1-score": 0.8070175438596492,
    "support": 124
  },
  "macro avg": {
    "precision": 0.6804214559386973,
    "recall": 0.5950159489633173,
    "f1-score": 0.6276240613319265,
    "support": 124
  },
  "weighted avg": {
    "precision": 0.8784590903472995,
    "recall": 0.7419354838709677,
    "f1-score": 0.7925410942808552,
    "support": 124
  }
}