{
  "yes_no_answer": {
    "precision": 0.0,
    "recall": 0.0,
    "f1-score": 0.0,
    "support": 1,
    "confused_with": {}
  },
  "item": {
    "precision": 0.85,
    "recall": 0.5573770491803278,
    "f1-score": 0.6732673267326733,
    "support": 61,
    "confused_with": {
      "user": 3
    }
  },
  "user": {
    "precision": 0.9347826086956522,
    "recall": 1.0,
    "f1-score": 0.9662921348314606,
    "support": 43,
    "confused_with": {}
  },
  "quantity": {
    "precision": 0.8235294117647058,
    "recall": 0.7,
    "f1-score": 0.7567567567567567,
    "support": 20,
    "confused_with": {
      "item": 1
    }
  },
  "uom": {
    "precision": 0.9285714285714286,
    "recall": 0.8125,
    "f1-score": 0.8666666666666666,
    "support": 16,
    "confused_with": {
      "item": 2
    }
  },
  "micro avg": {
    "precision": 0.8813559322033898,
    "recall": 0.7375886524822695,
    "f1-score": 0.8030888030888029,
    "support": 141
  },
  "macro avg": {
    "precision": 0.7073766898063573,
    "recall": 0.6139754098360656,
    "f1-score": 0.6525965769975114,
    "support": 141
  },
  "weighted avg": {
    "precision": 0.874988533803901,
    "recall": 0.7375886524822695,
    "f1-score": 0.7916430534060118,
    "support": 141
  }
}