{
  "remove": {
    "precision": 1.0,
    "recall": 1.0,
    "f1-score": 1.0,
    "support": 6,
    "confused_with": {}
  },
  "goodbye": {
    "precision": 0.6666666666666666,
    "recall": 0.6666666666666666,
    "f1-score": 0.6666666666666666,
    "support": 3,
    "confused_with": {
      "affirm": 1
    }
  },
  "inform": {
    "precision": 0.9649122807017544,
    "recall": 0.9016393442622951,
    "f1-score": 0.9322033898305084,
    "support": 61,
    "confused_with": {
      "insert": 3,
      "greet": 2
    }
  },
  "show": {
    "precision": 1.0,
    "recall": 1.0,
    "f1-score": 1.0,
    "support": 5,
    "confused_with": {}
  },
  "logout": {
    "precision": 1.0,
    "recall": 0.5,
    "f1-score": 0.6666666666666666,
    "support": 2,
    "confused_with": {
      "insert": 1
    }
  },
  "insert": {
    "precision": 0.8461538461538461,
    "recall": 1.0,
    "f1-score": 0.9166666666666666,
    "support": 22,
    "confused_with": {}
  },
  "affirm": {
    "precision": 0.6666666666666666,
    "recall": 1.0,
    "f1-score": 0.8,
    "support": 2,
    "confused_with": {}
  },
  "thankyou": {
    "precision": 1.0,
    "recall": 0.75,
    "f1-score": 0.8571428571428571,
    "support": 4,
    "confused_with": {
      "inform": 1
    }
  },
  "deny": {
    "precision": 1.0,
    "recall": 1.0,
    "f1-score": 1.0,
    "support": 2,
    "confused_with": {}
  },
  "empty": {
    "precision": 1.0,
    "recall": 0.5,
    "f1-score": 0.6666666666666666,
    "support": 2,
    "confused_with": {
      "inform": 1
    }
  },
  "greet": {
    "precision": 0.8666666666666667,
    "recall": 1.0,
    "f1-score": 0.9285714285714286,
    "support": 13,
    "confused_with": {}
  },
  "accuracy": 0.9180327868852459,
  "macro avg": {
    "precision": 0.9100969206232364,
    "recall": 0.8471187282662691,
    "f1-score": 0.8576894856555873,
    "support": 122
  },
  "weighted avg": {
    "precision": 0.9268445388376364,
    "recall": 0.9180327868852459,
    "f1-score": 0.9163749189589699,
    "support": 122
  }
}