{
  "quantity": {
    "precision": 0.9285714285714286,
    "recall": 0.6842105263157895,
    "f1-score": 0.7878787878787878,
    "support": 19,
    "confused_with": {
      "user": 4,
      "uom": 1
    }
  },
  "item": {
    "precision": 0.8717948717948718,
    "recall": 0.6938775510204082,
    "f1-score": 0.7727272727272728,
    "support": 49,
    "confused_with": {
      "user": 9
    }
  },
  "user": {
    "precision": 0.6721311475409836,
    "recall": 0.9534883720930233,
    "f1-score": 0.7884615384615384,
    "support": 43,
    "confused_with": {
      "item": 2
    }
  },
  "yes_no_answer": {
    "precision": 0.0,
    "recall": 0.0,
    "f1-score": 0.0,
    "support": 2,
    "confused_with": {
      "user": 2
    }
  },
  "uom": {
    "precision": 0.8333333333333334,
    "recall": 0.7692307692307693,
    "f1-score": 0.8,
    "support": 13,
    "confused_with": {
      "user": 2,
      "item": 1
    }
  },
  "micro avg": {
    "precision": 0.7777777777777778,
    "recall": 0.7777777777777778,
    "f1-score": 0.7777777777777778,
    "support": 126
  },
  "macro avg": {
    "precision": 0.6611661562481235,
    "recall": 0.620161443731998,
    "f1-score": 0.6298135198135197,
    "support": 126
  },
  "weighted avg": {
    "precision": 0.7944109407809641,
    "recall": 0.7777777777777778,
    "f1-score": 0.770929995929996,
    "support": 126
  }
}