{
  "thankyou": {
    "precision": 1.0,
    "recall": 1.0,
    "f1-score": 1.0,
    "support": 3,
    "confused_with": {}
  },
  "insert": {
    "precision": 0.875,
    "recall": 0.9333333333333333,
    "f1-score": 0.9032258064516129,
    "support": 15,
    "confused_with": {
      "inform": 1
    }
  },
  "greet": {
    "precision": 0.9285714285714286,
    "recall": 1.0,
    "f1-score": 0.962962962962963,
    "support": 13,
    "confused_with": {}
  },
  "remove": {
    "precision": 1.0,
    "recall": 1.0,
    "f1-score": 1.0,
    "support": 5,
    "confused_with": {}
  },
  "logout": {
    "precision": 1.0,
    "recall": 0.5,
    "f1-score": 0.6666666666666666,
    "support": 2,
    "confused_with": {
      "show": 1
    }
  },
  "empty": {
    "precision": 1.0,
    "recall": 1.0,
    "f1-score": 1.0,
    "support": 2,
    "confused_with": {}
  },
  "goodbye": {
    "precision": 0.75,
    "recall": 1.0,
    "f1-score": 0.8571428571428571,
    "support": 3,
    "confused_with": {}
  },
  "show": {
    "precision": 0.4,
    "recall": 1.0,
    "f1-score": 0.5714285714285715,
    "support": 2,
    "confused_with": {}
  },
  "affirm": {
    "precision": 1.0,
    "recall": 1.0,
    "f1-score": 1.0,
    "support": 2,
    "confused_with": {}
  },
  "deny": {
    "precision": 1.0,
    "recall": 0.5,
    "f1-score": 0.6666666666666666,
    "support": 2,
    "confused_with": {
      "goodbye": 1
    }
  },
  "inform": {
    "precision": 0.9824561403508771,
    "recall": 0.9180327868852459,
    "f1-score": 0.9491525423728813,
    "support": 61,
    "confused_with": {
      "show": 2,
      "insert": 2
    }
  },
  "accuracy": 0.9272727272727272,
  "macro avg": {
    "precision": 0.9032752335383915,
    "recall": 0.895578738201689,
    "f1-score": 0.8706587339720198,
    "support": 110
  },
  "weighted avg": {
    "precision": 0.9470568466621098,
    "recall": 0.9272727272727272,
    "f1-score": 0.9304196643726442,
    "support": 110
  }
}