{
  "item": {
    "precision": 0.9672131147540983,
    "recall": 1.0,
    "f1-score": 0.9833333333333333,
    "support": 59,
    "confused_with": {}
  },
  "yes_no_answer": {
    "precision": 0.0,
    "recall": 0.0,
    "f1-score": 0.0,
    "support": 2,
    "confused_with": {}
  },
  "quantity": {
    "precision": 1.0,
    "recall": 1.0,
    "f1-score": 1.0,
    "support": 21,
    "confused_with": {}
  },
  "uom": {
    "precision": 1.0,
    "recall": 1.0,
    "f1-score": 1.0,
    "support": 17,
    "confused_with": {}
  },
  "user": {
    "precision": 1.0,
    "recall": 0.975609756097561,
    "f1-score": 0.9876543209876543,
    "support": 41,
    "confused_with": {
      "item": 1
    }
  },
  "micro avg": {
    "precision": 0.9856115107913669,
    "recall": 0.9785714285714285,
    "f1-score": 0.9820788530465949,
    "support": 140
  },
  "macro avg": {
    "precision": 0.7934426229508197,
    "recall": 0.7951219512195122,
    "f1-score": 0.7941975308641975,
    "support": 140
  },
  "weighted avg": {
    "precision": 0.9718969555035128,
    "recall": 0.9785714285714285,
    "f1-score": 0.9750749559082891,
    "support": 140
  }
}