{
  "user": {
    "precision": 0.6666666666666666,
    "recall": 0.9767441860465116,
    "f1-score": 0.7924528301886793,
    "support": 43,
    "confused_with": {
      "item": 1
    }
  },
  "yes_no_answer": {
    "precision": 0.0,
    "recall": 0.0,
    "f1-score": 0.0,
    "support": 2,
    "confused_with": {
      "user": 1,
      "item": 1
    }
  },
  "item": {
    "precision": 0.8,
    "recall": 0.5217391304347826,
    "f1-score": 0.6315789473684211,
    "support": 46,
    "confused_with": {
      "user": 10
    }
  },
  "quantity": {
    "precision": 0.8461538461538461,
    "recall": 0.6111111111111112,
    "f1-score": 0.7096774193548387,
    "support": 18,
    "confused_with": {
      "item": 2
    }
  },
  "uom": {
    "precision": 0.7142857142857143,
    "recall": 0.38461538461538464,
    "f1-score": 0.5,
    "support": 13,
    "confused_with": {
      "user": 4
    }
  },
  "micro avg": {
    "precision": 0.7256637168141593,
    "recall": 0.6721311475409836,
    "f1-score": 0.6978723404255319,
    "support": 122
  },
  "macro avg": {
    "precision": 0.6054212454212455,
    "recall": 0.498841962441558,
    "f1-score": 0.5267418393823877,
    "support": 122
  },
  "weighted avg": {
    "precision": 0.7375668047799195,
    "recall": 0.6721311475409836,
    "f1-score": 0.6754286625036696,
    "support": 122
  }
}