{
  "item": {
    "precision": 0.828125,
    "recall": 0.6883116883116883,
    "f1-score": 0.7517730496453902,
    "support": 77,
    "confused_with": {
      "user": 15
    }
  },
  "user": {
    "precision": 0.6041666666666666,
    "recall": 0.7837837837837838,
    "f1-score": 0.6823529411764706,
    "support": 37,
    "confused_with": {
      "item": 5
    }
  },
  "quantity": {
    "precision": 0.9545454545454546,
    "recall": 0.9545454545454546,
    "f1-score": 0.9545454545454546,
    "support": 22,
    "confused_with": {
      "user": 1
    }
  },
  "uom": {
    "precision": 1.0,
    "recall": 0.8571428571428571,
    "f1-score": 0.923076923076923,
    "support": 14,
    "confused_with": {
      "user": 1,
      "item": 1
    }
  },
  "micro avg": {
    "precision": 0.7876712328767124,
    "recall": 0.7666666666666667,
    "f1-score": 0.7770270270270271,
    "support": 150
  },
  "macro avg": {
    "precision": 0.8467092803030303,
    "recall": 0.8209459459459459,
    "f1-score": 0.8279370921110596,
    "support": 150
  },
  "weighted avg": {
    "precision": 0.8074652777777778,
    "recall": 0.7666666666666667,
    "f1-score": 0.7803777371286759,
    "support": 150
  }
}