{
  "remove": {
    "precision": 1.0,
    "recall": 1.0,
    "f1-score": 1.0,
    "support": 7,
    "confused_with": {}
  },
  "goodbye": {
    "precision": 0.6666666666666666,
    "recall": 0.6666666666666666,
    "f1-score": 0.6666666666666666,
    "support": 3,
    "confused_with": {
      "insert": 1
    }
  },
  "inform": {
    "precision": 0.9830508474576272,
    "recall": 0.9508196721311475,
    "f1-score": 0.9666666666666667,
    "support": 61,
    "confused_with": {
      "insert": 2,
      "greet": 1
    }
  },
  "show": {
    "precision": 0.6666666666666666,
    "recall": 1.0,
    "f1-score": 0.8,
    "support": 4,
    "confused_with": {}
  },
  "logout": {
    "precision": 0.0,
    "recall": 0.0,
    "f1-score": 0.0,
    "support": 2,
    "confused_with": {
      "show": 1,
      "insert": 1
    }
  },
  "insert": {
    "precision": 0.8461538461538461,
    "recall": 0.9565217391304348,
    "f1-score": 0.8979591836734695,
    "support": 23,
    "confused_with": {
      "inform": 1
    }
  },
  "affirm": {
    "precision": 1.0,
    "recall": 1.0,
    "f1-score": 1.0,
    "support": 2,
    "confused_with": {}
  },
  "thankyou": {
    "precision": 1.0,
    "recall": 1.0,
    "f1-score": 1.0,
    "support": 4,
    "confused_with": {}
  },
  "deny": {
    "precision": 0.0,
    "recall": 0.0,
    "f1-score": 0.0,
    "support": 2,
    "confused_with": {
      "show": 1,
      "greet": 1
    }
  },
  "empty": {
    "precision": 1.0,
    "recall": 1.0,
    "f1-score": 1.0,
    "support": 1,
    "confused_with": {}
  },
  "greet": {
    "precision": 0.8571428571428571,
    "recall": 0.9230769230769231,
    "f1-score": 0.888888888888889,
    "support": 13,
    "confused_with": {
      "goodbye": 1
    }
  },
  "accuracy": 0.9180327868852459,
  "macro avg": {
    "precision": 0.7290618985534241,
    "recall": 0.772462272818652,
    "f1-score": 0.7472892187177902,
    "support": 122
  },
  "weighted avg": {
    "precision": 0.8953865898850616,
    "recall": 0.9180327868852459,
    "f1-score": 0.9047154380878035,
    "support": 122
  }
}