{
  "yes_no_answer": {
    "precision": 0.0,
    "recall": 0.0,
    "f1-score": 0.0,
    "support": 1,
    "confused_with": {
      "user": 1
    }
  },
  "item": {
    "precision": 0.9016393442622951,
    "recall": 0.8208955223880597,
    "f1-score": 0.8593750000000001,
    "support": 67,
    "confused_with": {
      "user": 9
    }
  },
  "user": {
    "precision": 0.6964285714285714,
    "recall": 0.9285714285714286,
    "f1-score": 0.7959183673469388,
    "support": 42,
    "confused_with": {
      "item": 3
    }
  },
  "quantity": {
    "precision": 1.0,
    "recall": 0.75,
    "f1-score": 0.8571428571428571,
    "support": 28,
    "confused_with": {
      "user": 4
    }
  },
  "uom": {
    "precision": 1.0,
    "recall": 0.7894736842105263,
    "f1-score": 0.8823529411764706,
    "support": 19,
    "confused_with": {
      "user": 2
    }
  },
  "micro avg": {
    "precision": 0.8496732026143791,
    "recall": 0.8280254777070064,
    "f1-score": 0.8387096774193549,
    "support": 157
  },
  "macro avg": {
    "precision": 0.7196135831381734,
    "recall": 0.6577881270340029,
    "f1-score": 0.6789578331332533,
    "support": 157
  },
  "weighted avg": {
    "precision": 0.8704448157042914,
    "recall": 0.8280254777070064,
    "f1-score": 0.8393082949740406,
    "support": 157
  }
}