{
  "user": {
    "precision": 0.7090909090909091,
    "recall": 0.9512195121951219,
    "f1-score": 0.8125,
    "support": 41,
    "confused_with": {
      "item": 2
    }
  },
  "yes_no_answer": {
    "precision": 0.0,
    "recall": 0.0,
    "f1-score": 0.0,
    "support": 1,
    "confused_with": {
      "user": 1
    }
  },
  "item": {
    "precision": 0.9545454545454546,
    "recall": 0.7924528301886793,
    "f1-score": 0.865979381443299,
    "support": 53,
    "confused_with": {
      "user": 10,
      "quantity": 1
    }
  },
  "quantity": {
    "precision": 0.9375,
    "recall": 0.8333333333333334,
    "f1-score": 0.8823529411764706,
    "support": 18,
    "confused_with": {
      "user": 2
    }
  },
  "uom": {
    "precision": 1.0,
    "recall": 0.8181818181818182,
    "f1-score": 0.9,
    "support": 11,
    "confused_with": {
      "user": 1
    }
  },
  "micro avg": {
    "precision": 0.8467741935483871,
    "recall": 0.8467741935483871,
    "f1-score": 0.8467741935483871,
    "support": 124
  },
  "macro avg": {
    "precision": 0.7202272727272727,
    "recall": 0.6790374987797906,
    "f1-score": 0.6921664645239539,
    "support": 124
  },
  "weighted avg": {
    "precision": 0.8672470674486804,
    "recall": 0.8467741935483871,
    "f1-score": 0.8467077432070267,
    "support": 124
  }
}