{
  "insert": {
    "precision": 0.8666666666666667,
    "recall": 0.8666666666666667,
    "f1-score": 0.8666666666666667,
    "support": 15,
    "confused_with": {
      "inform": 2
    }
  },
  "affirm": {
    "precision": 1.0,
    "recall": 1.0,
    "f1-score": 1.0,
    "support": 2,
    "confused_with": {}
  },
  "remove": {
    "precision": 1.0,
    "recall": 0.8,
    "f1-score": 0.888888888888889,
    "support": 5,
    "confused_with": {
      "insert": 1
    }
  },
  "deny": {
    "precision": 1.0,
    "recall": 0.5,
    "f1-score": 0.6666666666666666,
    "support": 2,
    "confused_with": {
      "goodbye": 1
    }
  },
  "show": {
    "precision": 0.5,
    "recall": 1.0,
    "f1-score": 0.6666666666666666,
    "support": 2,
    "confused_with": {}
  },
  "empty": {
    "precision": 1.0,
    "recall": 1.0,
    "f1-score": 1.0,
    "support": 2,
    "confused_with": {}
  },
  "logout": {
    "precision": 0.0,
    "recall": 0.0,
    "f1-score": 0.0,
    "support": 2,
    "confused_with": {
      "show": 2
    }
  },
  "goodbye": {
    "precision": 0.5,
    "recall": 0.3333333333333333,
    "f1-score": 0.4,
    "support": 3,
    "confused_with": {
      "greet": 2
    }
  },
  "thankyou": {
    "precision": 1.0,
    "recall": 1.0,
    "f1-score": 1.0,
    "support": 3,
    "confused_with": {}
  },
  "greet": {
    "precision": 0.8125,
    "recall": 1.0,
    "f1-score": 0.896551724137931,
    "support": 13,
    "confused_with": {}
  },
  "inform": {
    "precision": 0.9672131147540983,
    "recall": 0.9672131147540983,
    "f1-score": 0.9672131147540983,
    "support": 61,
    "confused_with": {
      "insert": 1,
      "greet": 1
    }
  },
  "accuracy": 0.9090909090909091,
  "macro avg": {
    "precision": 0.786034525583706,
    "recall": 0.7697466467958272,
    "f1-score": 0.7593321570709926,
    "support": 110
  },
  "weighted avg": {
    "precision": 0.9005681818181818,
    "recall": 0.9090909090909091,
    "f1-score": 0.8996934865900383,
    "support": 110
  }
}