{
  "remove": {
    "precision": 1.0,
    "recall": 1.0,
    "f1-score": 1.0,
    "support": 6,
    "confused_with": {}
  },
  "goodbye": {
    "precision": 0.0,
    "recall": 0.0,
    "f1-score": 0.0,
    "support": 3,
    "confused_with": {
      "greet": 2,
      "show": 1
    }
  },
  "inform": {
    "precision": 0.9672131147540983,
    "recall": 0.9672131147540983,
    "f1-score": 0.9672131147540983,
    "support": 61,
    "confused_with": {
      "insert": 2
    }
  },
  "show": {
    "precision": 0.8333333333333334,
    "recall": 1.0,
    "f1-score": 0.9090909090909091,
    "support": 5,
    "confused_with": {}
  },
  "logout": {
    "precision": 1.0,
    "recall": 1.0,
    "f1-score": 1.0,
    "support": 1,
    "confused_with": {}
  },
  "insert": {
    "precision": 0.9166666666666666,
    "recall": 0.9166666666666666,
    "f1-score": 0.9166666666666666,
    "support": 24,
    "confused_with": {
      "inform": 2
    }
  },
  "affirm": {
    "precision": 1.0,
    "recall": 1.0,
    "f1-score": 1.0,
    "support": 2,
    "confused_with": {}
  },
  "thankyou": {
    "precision": 1.0,
    "recall": 1.0,
    "f1-score": 1.0,
    "support": 3,
    "confused_with": {}
  },
  "deny": {
    "precision": 1.0,
    "recall": 1.0,
    "f1-score": 1.0,
    "support": 2,
    "confused_with": {}
  },
  "empty": {
    "precision": 1.0,
    "recall": 1.0,
    "f1-score": 1.0,
    "support": 2,
    "confused_with": {}
  },
  "greet": {
    "precision": 0.8666666666666667,
    "recall": 1.0,
    "f1-score": 0.9285714285714286,
    "support": 13,
    "confused_with": {}
  },
  "accuracy": 0.9426229508196722,
  "macro avg": {
    "precision": 0.8712617983109787,
    "recall": 0.898534525583706,
    "f1-score": 0.883776556280282,
    "support": 122
  },
  "weighted avg": {
    "precision": 0.9215846994535518,
    "recall": 0.9426229508196722,
    "f1-score": 0.9312859271875665,
    "support": 122
  }
}