{
  "yes_no_answer": {
    "precision": 0.0,
    "recall": 0.0,
    "f1-score": 0.0,
    "support": 1,
    "confused_with": {
      "user": 1
    }
  },
  "item": {
    "precision": 0.9333333333333333,
    "recall": 0.45901639344262296,
    "f1-score": 0.6153846153846154,
    "support": 61,
    "confused_with": {
      "user": 18
    }
  },
  "user": {
    "precision": 0.5522388059701493,
    "recall": 0.8604651162790697,
    "f1-score": 0.6727272727272727,
    "support": 43,
    "confused_with": {
      "item": 1
    }
  },
  "quantity": {
    "precision": 0.9375,
    "recall": 0.75,
    "f1-score": 0.8333333333333334,
    "support": 20,
    "confused_with": {
      "user": 1
    }
  },
  "uom": {
    "precision": 0.8181818181818182,
    "recall": 0.5625,
    "f1-score": 0.6666666666666666,
    "support": 16,
    "confused_with": {
      "user": 4
    }
  },
  "micro avg": {
    "precision": 0.717741935483871,
    "recall": 0.6312056737588653,
    "f1-score": 0.6716981132075472,
    "support": 141
  },
  "macro avg": {
    "precision": 0.6482507914970602,
    "recall": 0.5263963019443386,
    "f1-score": 0.5576223776223777,
    "support": 141
  },
  "weighted avg": {
    "precision": 0.7980178090848146,
    "recall": 0.6312056737588653,
    "f1-score": 0.6652416141777845,
    "support": 141
  }
}