{
  "yes_no_answer": {
    "precision": 0.0,
    "recall": 0.0,
    "f1-score": 0.0,
    "support": 1,
    "confused_with": {
      "user": 1
    }
  },
  "user": {
    "precision": 0.6666666666666666,
    "recall": 0.9090909090909091,
    "f1-score": 0.7692307692307692,
    "support": 44,
    "confused_with": {
      "item": 1
    }
  },
  "uom": {
    "precision": 0.875,
    "recall": 0.5833333333333334,
    "f1-score": 0.7000000000000001,
    "support": 12,
    "confused_with": {
      "user": 2
    }
  },
  "quantity": {
    "precision": 0.9090909090909091,
    "recall": 0.5263157894736842,
    "f1-score": 0.6666666666666666,
    "support": 19,
    "confused_with": {
      "user": 3
    }
  },
  "item": {
    "precision": 0.9047619047619048,
    "recall": 0.3958333333333333,
    "f1-score": 0.5507246376811594,
    "support": 48,
    "confused_with": {
      "user": 13
    }
  },
  "micro avg": {
    "precision": 0.76,
    "recall": 0.6129032258064516,
    "f1-score": 0.6785714285714285,
    "support": 124
  },
  "macro avg": {
    "precision": 0.6711038961038961,
    "recall": 0.482914673046252,
    "f1-score": 0.5373244147157191,
    "support": 124
  },
  "weighted avg": {
    "precision": 0.8107631615696133,
    "recall": 0.6129032258064516,
    "f1-score": 0.6560290574315819,
    "support": 124
  }
}