{
  "user": {
    "precision": 0.6818181818181818,
    "recall": 0.9183673469387755,
    "f1-score": 0.782608695652174,
    "support": 49,
    "confused_with": {
      "item": 1
    }
  },
  "yes_no_answer": {
    "precision": 0.0,
    "recall": 0.0,
    "f1-score": 0.0,
    "support": 2,
    "confused_with": {
      "user": 2
    }
  },
  "item": {
    "precision": 0.9523809523809523,
    "recall": 0.35714285714285715,
    "f1-score": 0.5194805194805194,
    "support": 56,
    "confused_with": {
      "user": 14
    }
  },
  "quantity": {
    "precision": 0.9090909090909091,
    "recall": 0.5555555555555556,
    "f1-score": 0.6896551724137931,
    "support": 18,
    "confused_with": {
      "user": 3
    }
  },
  "uom": {
    "precision": 0.8333333333333334,
    "recall": 0.7142857142857143,
    "f1-score": 0.7692307692307692,
    "support": 7,
    "confused_with": {}
  },
  "micro avg": {
    "precision": 0.7692307692307693,
    "recall": 0.6060606060606061,
    "f1-score": 0.6779661016949152,
    "support": 132
  },
  "macro avg": {
    "precision": 0.6753246753246753,
    "recall": 0.5090702947845804,
    "f1-score": 0.5521950313554511,
    "support": 132
  },
  "weighted avg": {
    "precision": 0.8252984389348025,
    "recall": 0.6060606060606061,
    "f1-score": 0.6457359368631005,
    "support": 132
  }
}