{
  "affirm": {
    "precision": 0.5,
    "recall": 1.0,
    "f1-score": 0.6666666666666666,
    "support": 2,
    "confused_with": {}
  },
  "empty": {
    "precision": 1.0,
    "recall": 0.5,
    "f1-score": 0.6666666666666666,
    "support": 2,
    "confused_with": {
      "remove": 1
    }
  },
  "logout": {
    "precision": 0.0,
    "recall": 0.0,
    "f1-score": 0.0,
    "support": 2,
    "confused_with": {
      "insert": 1,
      "goodbye": 1
    }
  },
  "remove": {
    "precision": 0.7142857142857143,
    "recall": 1.0,
    "f1-score": 0.8333333333333333,
    "support": 5,
    "confused_with": {}
  },
  "goodbye": {
    "precision": 0.0,
    "recall": 0.0,
    "f1-score": 0.0,
    "support": 3,
    "confused_with": {
      "greet": 2,
      "thankyou": 1
    }
  },
  "insert": {
    "precision": 0.875,
    "recall": 0.9333333333333333,
    "f1-score": 0.9032258064516129,
    "support": 15,
    "confused_with": {
      "remove": 1
    }
  },
  "inform": {
    "precision": 1.0,
    "recall": 0.9344262295081968,
    "f1-score": 0.9661016949152543,
    "support": 61,
    "confused_with": {
      "goodbye": 2,
      "insert": 1
    }
  },
  "deny": {
    "precision": 0.0,
    "recall": 0.0,
    "f1-score": 0.0,
    "support": 2,
    "confused_with": {
      "affirm": 2
    }
  },
  "thankyou": {
    "precision": 0.75,
    "recall": 1.0,
    "f1-score": 0.8571428571428571,
    "support": 3,
    "confused_with": {}
  },
  "show": {
    "precision": 0.0,
    "recall": 0.0,
    "f1-score": 0.0,
    "support": 2,
    "confused_with": {
      "goodbye": 2
    }
  },
  "greet": {
    "precision": 0.8125,
    "recall": 1.0,
    "f1-score": 0.896551724137931,
    "support": 13,
    "confused_with": {}
  },
  "accuracy": 0.8636363636363636,
  "macro avg": {
    "precision": 0.5137987012987013,
    "recall": 0.5788872329855936,
    "f1-score": 0.5263353408467566,
    "support": 110
  },
  "weighted avg": {
    "precision": 0.8500811688311688,
    "recall": 0.8636363636363636,
    "f1-score": 0.8503684073196338,
    "support": 110
  }
}