{
  "insert": {
    "precision": 0.8666666666666667,
    "recall": 0.8666666666666667,
    "f1-score": 0.8666666666666667,
    "support": 15,
    "confused_with": {
      "inform": 2
    }
  },
  "affirm": {
    "precision": 0.5,
    "recall": 1.0,
    "f1-score": 0.6666666666666666,
    "support": 2,
    "confused_with": {}
  },
  "remove": {
    "precision": 0.8,
    "recall": 0.8,
    "f1-score": 0.8000000000000002,
    "support": 5,
    "confused_with": {
      "insert": 1
    }
  },
  "deny": {
    "precision": 0.0,
    "recall": 0.0,
    "f1-score": 0.0,
    "support": 2,
    "confused_with": {
      "affirm": 2
    }
  },
  "show": {
    "precision": 0.0,
    "recall": 0.0,
    "f1-score": 0.0,
    "support": 2,
    "confused_with": {
      "goodbye": 2
    }
  },
  "empty": {
    "precision": 1.0,
    "recall": 1.0,
    "f1-score": 1.0,
    "support": 2,
    "confused_with": {}
  },
  "logout": {
    "precision": 0.0,
    "recall": 0.0,
    "f1-score": 0.0,
    "support": 2,
    "confused_with": {
      "remove": 1,
      "inform": 1
    }
  },
  "goodbye": {
    "precision": 0.0,
    "recall": 0.0,
    "f1-score": 0.0,
    "support": 3,
    "confused_with": {
      "thankyou": 2,
      "greet": 1
    }
  },
  "thankyou": {
    "precision": 0.5,
    "recall": 0.6666666666666666,
    "f1-score": 0.5714285714285715,
    "support": 3,
    "confused_with": {
      "goodbye": 1
    }
  },
  "greet": {
    "precision": 0.9166666666666666,
    "recall": 0.8461538461538461,
    "f1-score": 0.8799999999999999,
    "support": 13,
    "confused_with": {
      "inform": 2
    }
  },
  "inform": {
    "precision": 0.9230769230769231,
    "recall": 0.9836065573770492,
    "f1-score": 0.9523809523809524,
    "support": 61,
    "confused_with": {
      "insert": 1
    }
  },
  "accuracy": 0.8545454545454545,
  "macro avg": {
    "precision": 0.5005827505827507,
    "recall": 0.560281248805839,
    "f1-score": 0.5215584415584416,
    "support": 110
  },
  "weighted avg": {
    "precision": 0.8156759906759907,
    "recall": 0.8545454545454545,
    "f1-score": 0.8325714285714286,
    "support": 110
  }
}