{
  "yes_no_answer": {
    "precision": 0.0,
    "recall": 0.0,
    "f1-score": 0.0,
    "support": 1,
    "confused_with": {
      "user": 1
    }
  },
  "item": {
    "precision": 0.9444444444444444,
    "recall": 0.5074626865671642,
    "f1-score": 0.6601941747572816,
    "support": 67,
    "confused_with": {
      "user": 14
    }
  },
  "user": {
    "precision": 0.5942028985507246,
    "recall": 0.9761904761904762,
    "f1-score": 0.7387387387387387,
    "support": 42,
    "confused_with": {
      "item": 1
    }
  },
  "quantity": {
    "precision": 0.9473684210526315,
    "recall": 0.6428571428571429,
    "f1-score": 0.7659574468085106,
    "support": 28,
    "confused_with": {
      "user": 5
    }
  },
  "uom": {
    "precision": 1.0,
    "recall": 0.7368421052631579,
    "f1-score": 0.8484848484848484,
    "support": 19,
    "confused_with": {
      "user": 4
    }
  },
  "micro avg": {
    "precision": 0.7753623188405797,
    "recall": 0.6815286624203821,
    "f1-score": 0.7254237288135593,
    "support": 157
  },
  "macro avg": {
    "precision": 0.6972031528095601,
    "recall": 0.5726704821755882,
    "f1-score": 0.6026750417578759,
    "support": 157
  },
  "weighted avg": {
    "precision": 0.851978441441923,
    "recall": 0.6815286624203821,
    "f1-score": 0.7186500469274861,
    "support": 157
  }
}