{
  "user": {
    "precision": 0.6060606060606061,
    "recall": 0.975609756097561,
    "f1-score": 0.7476635514018692,
    "support": 41,
    "confused_with": {}
  },
  "yes_no_answer": {
    "precision": 0.0,
    "recall": 0.0,
    "f1-score": 0.0,
    "support": 1,
    "confused_with": {
      "user": 1
    }
  },
  "item": {
    "precision": 0.875,
    "recall": 0.39622641509433965,
    "f1-score": 0.5454545454545454,
    "support": 53,
    "confused_with": {
      "user": 17
    }
  },
  "quantity": {
    "precision": 1.0,
    "recall": 0.3888888888888889,
    "f1-score": 0.56,
    "support": 18,
    "confused_with": {
      "user": 3
    }
  },
  "uom": {
    "precision": 1.0,
    "recall": 0.5454545454545454,
    "f1-score": 0.7058823529411764,
    "support": 11,
    "confused_with": {
      "user": 2
    }
  },
  "micro avg": {
    "precision": 0.7184466019417476,
    "recall": 0.5967741935483871,
    "f1-score": 0.6519823788546256,
    "support": 124
  },
  "macro avg": {
    "precision": 0.6962121212121212,
    "recall": 0.461235921107067,
    "f1-score": 0.5118000899595183,
    "support": 124
  },
  "weighted avg": {
    "precision": 0.8082539100684262,
    "recall": 0.5967741935483871,
    "f1-score": 0.624258083862262,
    "support": 124
  }
}