{
  "thankyou": {
    "precision": 0.0,
    "recall": 0.0,
    "f1-score": 0.0,
    "support": 3,
    "confused_with": {
      "greet": 2,
      "insert": 1
    }
  },
  "insert": {
    "precision": 0.8666666666666667,
    "recall": 0.8666666666666667,
    "f1-score": 0.8666666666666667,
    "support": 15,
    "confused_with": {
      "inform": 2
    }
  },
  "greet": {
    "precision": 0.5909090909090909,
    "recall": 1.0,
    "f1-score": 0.7428571428571429,
    "support": 13,
    "confused_with": {}
  },
  "remove": {
    "precision": 0.5,
    "recall": 0.6,
    "f1-score": 0.5454545454545454,
    "support": 5,
    "confused_with": {
      "insert": 1,
      "inform": 1
    }
  },
  "logout": {
    "precision": 0.0,
    "recall": 0.0,
    "f1-score": 0.0,
    "support": 2,
    "confused_with": {
      "inform": 2
    }
  },
  "empty": {
    "precision": 1.0,
    "recall": 0.5,
    "f1-score": 0.6666666666666666,
    "support": 2,
    "confused_with": {
      "remove": 1
    }
  },
  "goodbye": {
    "precision": 1.0,
    "recall": 0.3333333333333333,
    "f1-score": 0.5,
    "support": 3,
    "confused_with": {
      "greet": 2
    }
  },
  "show": {
    "precision": 0.0,
    "recall": 0.0,
    "f1-score": 0.0,
    "support": 2,
    "confused_with": {
      "remove": 1,
      "greet": 1
    }
  },
  "affirm": {
    "precision": 0.0,
    "recall": 0.0,
    "f1-score": 0.0,
    "support": 2,
    "confused_with": {
      "greet": 2
    }
  },
  "deny": {
    "precision": 0.0,
    "recall": 0.0,
    "f1-score": 0.0,
    "support": 2,
    "confused_with": {
      "remove": 1,
      "greet": 1
    }
  },
  "inform": {
    "precision": 0.9230769230769231,
    "recall": 0.9836065573770492,
    "f1-score": 0.9523809523809524,
    "support": 61,
    "confused_with": {
      "greet": 1
    }
  },
  "accuracy": 0.8272727272727273,
  "macro avg": {
    "precision": 0.4436956982411528,
    "recall": 0.3894187779433681,
    "f1-score": 0.38854781582054304,
    "support": 110
  },
  "weighted avg": {
    "precision": 0.76808645899555,
    "recall": 0.8272727272727273,
    "f1-score": 0.784663518299882,
    "support": 110
  }
}