{
  "yes_no_answer": {
    "precision": 0.0,
    "recall": 0.0,
    "f1-score": 0.0,
    "support": 1,
    "confused_with": {}
  },
  "item": {
    "precision": 0.9024390243902439,
    "recall": 0.5522388059701493,
    "f1-score": 0.6851851851851852,
    "support": 67,
    "confused_with": {
      "user": 3
    }
  },
  "user": {
    "precision": 0.9111111111111111,
    "recall": 0.9761904761904762,
    "f1-score": 0.9425287356321839,
    "support": 42,
    "confused_with": {
      "item": 1
    }
  },
  "quantity": {
    "precision": 0.8571428571428571,
    "recall": 0.8571428571428571,
    "f1-score": 0.8571428571428571,
    "support": 28,
    "confused_with": {
      "user": 1
    }
  },
  "uom": {
    "precision": 0.9333333333333333,
    "recall": 0.7368421052631579,
    "f1-score": 0.8235294117647058,
    "support": 19,
    "confused_with": {
      "item": 2
    }
  },
  "micro avg": {
    "precision": 0.8992248062015504,
    "recall": 0.7388535031847133,
    "f1-score": 0.8111888111888111,
    "support": 157
  },
  "macro avg": {
    "precision": 0.7208052651955091,
    "recall": 0.6244828489133282,
    "f1-score": 0.6616772379449865,
    "support": 157
  },
  "weighted avg": {
    "precision": 0.8946714307907411,
    "recall": 0.7388535031847133,
    "f1-score": 0.7970743511305003,
    "support": 157
  }
}