{
  "remove": {
    "precision": 1.0,
    "recall": 1.0,
    "f1-score": 1.0,
    "support": 6,
    "confused_with": {}
  },
  "goodbye": {
    "precision": 0.0,
    "recall": 0.0,
    "f1-score": 0.0,
    "support": 3,
    "confused_with": {
      "inform": 1,
      "greet": 1,
      "empty": 1
    }
  },
  "inform": {
    "precision": 0.9322033898305084,
    "recall": 0.9016393442622951,
    "f1-score": 0.9166666666666666,
    "support": 61,
    "confused_with": {
      "insert": 3,
      "greet": 2
    }
  },
  "show": {
    "precision": 1.0,
    "recall": 0.8,
    "f1-score": 0.888888888888889,
    "support": 5,
    "confused_with": {
      "greet": 1
    }
  },
  "logout": {
    "precision": 0.5,
    "recall": 1.0,
    "f1-score": 0.6666666666666666,
    "support": 1,
    "confused_with": {}
  },
  "insert": {
    "precision": 0.8846153846153846,
    "recall": 0.9583333333333334,
    "f1-score": 0.9199999999999999,
    "support": 24,
    "confused_with": {
      "inform": 1
    }
  },
  "affirm": {
    "precision": 1.0,
    "recall": 1.0,
    "f1-score": 1.0,
    "support": 2,
    "confused_with": {}
  },
  "thankyou": {
    "precision": 1.0,
    "recall": 0.3333333333333333,
    "f1-score": 0.5,
    "support": 3,
    "confused_with": {
      "logout": 1,
      "empty": 1
    }
  },
  "deny": {
    "precision": 0.6666666666666666,
    "recall": 1.0,
    "f1-score": 0.8,
    "support": 2,
    "confused_with": {}
  },
  "empty": {
    "precision": 0.5,
    "recall": 1.0,
    "f1-score": 0.6666666666666666,
    "support": 2,
    "confused_with": {}
  },
  "greet": {
    "precision": 0.7333333333333333,
    "recall": 0.8461538461538461,
    "f1-score": 0.7857142857142856,
    "support": 13,
    "confused_with": {
      "inform": 2
    }
  },
  "accuracy": 0.8770491803278688,
  "macro avg": {
    "precision": 0.7469835249496267,
    "recall": 0.8035872597348007,
    "f1-score": 0.7404184704184703,
    "support": 122
  },
  "weighted avg": {
    "precision": 0.8726380547303024,
    "recall": 0.8770491803278688,
    "f1-score": 0.866847514962269,
    "support": 122
  }
}