{
  "yes_no_answer": {
    "precision": 0.0,
    "recall": 0.0,
    "f1-score": 0.0,
    "support": 1,
    "confused_with": {}
  },
  "item": {
    "precision": 0.8939393939393939,
    "recall": 0.8805970149253731,
    "f1-score": 0.887218045112782,
    "support": 67,
    "confused_with": {
      "quantity": 2
    }
  },
  "user": {
    "precision": 0.975609756097561,
    "recall": 0.9523809523809523,
    "f1-score": 0.963855421686747,
    "support": 42,
    "confused_with": {
      "item": 1
    }
  },
  "quantity": {
    "precision": 0.8571428571428571,
    "recall": 0.8571428571428571,
    "f1-score": 0.8571428571428571,
    "support": 28,
    "confused_with": {
      "item": 2
    }
  },
  "uom": {
    "precision": 0.9375,
    "recall": 0.7894736842105263,
    "f1-score": 0.8571428571428572,
    "support": 19,
    "confused_with": {
      "item": 2
    }
  },
  "micro avg": {
    "precision": 0.9139072847682119,
    "recall": 0.8789808917197452,
    "f1-score": 0.8961038961038962,
    "support": 157
  },
  "macro avg": {
    "precision": 0.7328384014359625,
    "recall": 0.6959189017319417,
    "f1-score": 0.7130718362170486,
    "support": 157
  },
  "weighted avg": {
    "precision": 0.9088028608282609,
    "recall": 0.8789808917197452,
    "f1-score": 0.8930652931153762,
    "support": 157
  }
}