{
  "quantity": {
    "precision": 0.8888888888888888,
    "recall": 1.0,
    "f1-score": 0.9411764705882353,
    "support": 16,
    "confused_with": {}
  },
  "item": {
    "precision": 0.9629629629629629,
    "recall": 0.8666666666666667,
    "f1-score": 0.912280701754386,
    "support": 60,
    "confused_with": {
      "user": 2,
      "uom": 2
    }
  },
  "user": {
    "precision": 0.9302325581395349,
    "recall": 1.0,
    "f1-score": 0.963855421686747,
    "support": 40,
    "confused_with": {}
  },
  "uom": {
    "precision": 0.8,
    "recall": 0.8888888888888888,
    "f1-score": 0.8421052631578948,
    "support": 9,
    "confused_with": {}
  },
  "micro avg": {
    "precision": 0.928,
    "recall": 0.928,
    "f1-score": 0.928,
    "support": 125
  },
  "macro avg": {
    "precision": 0.8955211024978467,
    "recall": 0.9388888888888889,
    "f1-score": 0.9148544642968157,
    "support": 125
  },
  "weighted avg": {
    "precision": 0.9312744186046512,
    "recall": 0.928,
    "f1-score": 0.9274306389645269,
    "support": 125
  }
}