{
  "quantity": {
    "precision": 0.8333333333333334,
    "recall": 0.9375,
    "f1-score": 0.8823529411764706,
    "support": 16,
    "confused_with": {}
  },
  "item": {
    "precision": 0.8780487804878049,
    "recall": 0.6,
    "f1-score": 0.712871287128713,
    "support": 60,
    "confused_with": {
      "user": 5
    }
  },
  "user": {
    "precision": 0.8666666666666667,
    "recall": 0.975,
    "f1-score": 0.9176470588235294,
    "support": 40,
    "confused_with": {}
  },
  "uom": {
    "precision": 0.6666666666666666,
    "recall": 0.4444444444444444,
    "f1-score": 0.5333333333333333,
    "support": 9,
    "confused_with": {
      "item": 1
    }
  },
  "micro avg": {
    "precision": 0.8545454545454545,
    "recall": 0.752,
    "f1-score": 0.7999999999999999,
    "support": 125
  },
  "macro avg": {
    "precision": 0.8111788617886179,
    "recall": 0.7392361111111112,
    "f1-score": 0.7615511551155115,
    "support": 125
  },
  "weighted avg": {
    "precision": 0.8534634146341463,
    "recall": 0.752,
    "f1-score": 0.7871664531158998,
    "support": 125
  }
}