{
  "item": {
    "precision": 0.9516129032258065,
    "recall": 0.9365079365079365,
    "f1-score": 0.944,
    "support": 63,
    "confused_with": {
      "user": 1
    }
  },
  "yes_no_answer": {
    "precision": 0.0,
    "recall": 0.0,
    "f1-score": 0.0,
    "support": 1,
    "confused_with": {}
  },
  "quantity": {
    "precision": 0.9285714285714286,
    "recall": 1.0,
    "f1-score": 0.962962962962963,
    "support": 26,
    "confused_with": {}
  },
  "uom": {
    "precision": 1.0,
    "recall": 0.8666666666666667,
    "f1-score": 0.9285714285714286,
    "support": 15,
    "confused_with": {
      "item": 1
    }
  },
  "user": {
    "precision": 0.9767441860465116,
    "recall": 0.9545454545454546,
    "f1-score": 0.9655172413793104,
    "support": 44,
    "confused_with": {
      "item": 1
    }
  },
  "micro avg": {
    "precision": 0.958904109589041,
    "recall": 0.9395973154362416,
    "f1-score": 0.9491525423728814,
    "support": 149
  },
  "macro avg": {
    "precision": 0.7713857035687492,
    "recall": 0.7515440115440115,
    "f1-score": 0.7602103265827405,
    "support": 149
  },
  "weighted avg": {
    "precision": 0.9534980820948286,
    "recall": 0.9395973154362416,
    "f1-score": 0.9457742757469673,
    "support": 149
  }
}