{
  "logout": {
    "precision": 0.0,
    "recall": 0.0,
    "f1-score": 0.0,
    "support": 1,
    "confused_with": {
      "affirm": 1
    }
  },
  "inform": {
    "precision": 0.9833333333333333,
    "recall": 0.9672131147540983,
    "f1-score": 0.9752066115702478,
    "support": 61,
    "confused_with": {
      "insert": 1,
      "affirm": 1
    }
  },
  "show": {
    "precision": 1.0,
    "recall": 0.8,
    "f1-score": 0.888888888888889,
    "support": 5,
    "confused_with": {
      "inform": 1
    }
  },
  "affirm": {
    "precision": 0.5,
    "recall": 1.0,
    "f1-score": 0.6666666666666666,
    "support": 2,
    "confused_with": {}
  },
  "empty": {
    "precision": 1.0,
    "recall": 1.0,
    "f1-score": 1.0,
    "support": 2,
    "confused_with": {}
  },
  "greet": {
    "precision": 0.8666666666666667,
    "recall": 1.0,
    "f1-score": 0.9285714285714286,
    "support": 13,
    "confused_with": {}
  },
  "insert": {
    "precision": 0.9166666666666666,
    "recall": 1.0,
    "f1-score": 0.9565217391304348,
    "support": 22,
    "confused_with": {}
  },
  "remove": {
    "precision": 1.0,
    "recall": 1.0,
    "f1-score": 1.0,
    "support": 8,
    "confused_with": {}
  },
  "goodbye": {
    "precision": 0.0,
    "recall": 0.0,
    "f1-score": 0.0,
    "support": 3,
    "confused_with": {
      "thankyou": 1,
      "insert": 1,
      "greet": 1
    }
  },
  "deny": {
    "precision": 1.0,
    "recall": 0.5,
    "f1-score": 0.6666666666666666,
    "support": 2,
    "confused_with": {
      "greet": 1
    }
  },
  "thankyou": {
    "precision": 0.75,
    "recall": 1.0,
    "f1-score": 0.8571428571428571,
    "support": 3,
    "confused_with": {}
  },
  "accuracy": 0.9344262295081968,
  "macro avg": {
    "precision": 0.7287878787878787,
    "recall": 0.7515648286140091,
    "f1-score": 0.7217877144215628,
    "support": 122
  },
  "weighted avg": {
    "precision": 0.9153005464480873,
    "recall": 0.9344262295081968,
    "f1-score": 0.9203692608247781,
    "support": 122
  }
}