{
  "yes_no_answer": {
    "precision": 0.0,
    "recall": 0.0,
    "f1-score": 0.0,
    "support": 1,
    "confused_with": {}
  },
  "item": {
    "precision": 0.9027777777777778,
    "recall": 0.9701492537313433,
    "f1-score": 0.9352517985611511,
    "support": 67,
    "confused_with": {}
  },
  "user": {
    "precision": 1.0,
    "recall": 0.9761904761904762,
    "f1-score": 0.9879518072289156,
    "support": 42,
    "confused_with": {
      "item": 1
    }
  },
  "quantity": {
    "precision": 0.9629629629629629,
    "recall": 0.9285714285714286,
    "f1-score": 0.9454545454545454,
    "support": 28,
    "confused_with": {
      "item": 2
    }
  },
  "uom": {
    "precision": 1.0,
    "recall": 0.8421052631578947,
    "f1-score": 0.9142857142857143,
    "support": 19,
    "confused_with": {
      "item": 2
    }
  },
  "micro avg": {
    "precision": 0.9487179487179487,
    "recall": 0.9426751592356688,
    "f1-score": 0.9456869009584664,
    "support": 157
  },
  "macro avg": {
    "precision": 0.7731481481481481,
    "recall": 0.7434032843302285,
    "f1-score": 0.7565887731060653,
    "support": 157
  },
  "weighted avg": {
    "precision": 0.9455355036565227,
    "recall": 0.9426751592356688,
    "f1-score": 0.9426751735755886,
    "support": 157
  }
}