{
  "yes_no_answer": {
    "precision": 0.0,
    "recall": 0.0,
    "f1-score": 0.0,
    "support": 1,
    "confused_with": {}
  },
  "user": {
    "precision": 0.9772727272727273,
    "recall": 1.0,
    "f1-score": 0.9885057471264368,
    "support": 43,
    "confused_with": {}
  },
  "uom": {
    "precision": 0.9166666666666666,
    "recall": 0.8461538461538461,
    "f1-score": 0.8799999999999999,
    "support": 13,
    "confused_with": {
      "item": 2
    }
  },
  "quantity": {
    "precision": 0.9444444444444444,
    "recall": 1.0,
    "f1-score": 0.9714285714285714,
    "support": 17,
    "confused_with": {}
  },
  "item": {
    "precision": 0.9215686274509803,
    "recall": 0.9591836734693877,
    "f1-score": 0.9400000000000001,
    "support": 49,
    "confused_with": {
      "uom": 1
    }
  },
  "micro avg": {
    "precision": 0.944,
    "recall": 0.959349593495935,
    "f1-score": 0.9516129032258064,
    "support": 123
  },
  "macro avg": {
    "precision": 0.7519904931669636,
    "recall": 0.7610675039246468,
    "f1-score": 0.7559868637110017,
    "support": 123
  },
  "weighted avg": {
    "precision": 0.9361935954475409,
    "recall": 0.959349593495935,
    "f1-score": 0.9473173401684756,
    "support": 123
  }
}