{
  "quantity": {
    "precision": 0.9285714285714286,
    "recall": 0.6842105263157895,
    "f1-score": 0.7878787878787878,
    "support": 19,
    "confused_with": {
      "user": 4,
      "uom": 1
    }
  },
  "item": {
    "precision": 0.8837209302325582,
    "recall": 0.7755102040816326,
    "f1-score": 0.826086956521739,
    "support": 49,
    "confused_with": {
      "user": 9,
      "uom": 1
    }
  },
  "user": {
    "precision": 0.6721311475409836,
    "recall": 0.9534883720930233,
    "f1-score": 0.7884615384615384,
    "support": 43,
    "confused_with": {
      "item": 2
    }
  },
  "yes_no_answer": {
    "precision": 0.0,
    "recall": 0.0,
    "f1-score": 0.0,
    "support": 2,
    "confused_with": {
      "user": 2
    }
  },
  "uom": {
    "precision": 0.8333333333333334,
    "recall": 0.7692307692307693,
    "f1-score": 0.8,
    "support": 13,
    "confused_with": {
      "user": 2,
      "item": 1
    }
  },
  "micro avg": {
    "precision": 0.7846153846153846,
    "recall": 0.8095238095238095,
    "f1-score": 0.7968749999999999,
    "support": 126
  },
  "macro avg": {
    "precision": 0.6635513679356608,
    "recall": 0.6364879743442429,
    "f1-score": 0.6404854565724131,
    "support": 126
  },
  "weighted avg": {
    "precision": 0.79904885239562,
    "recall": 0.8095238095238095,
    "f1-score": 0.7916809840722884,
    "support": 126
  }
}