{
  "yes_no_answer": {
    "precision": 0.0,
    "recall": 0.0,
    "f1-score": 0.0,
    "support": 1,
    "confused_with": {
      "user": 1
    }
  },
  "item": {
    "precision": 0.9245283018867925,
    "recall": 0.7313432835820896,
    "f1-score": 0.8166666666666667,
    "support": 67,
    "confused_with": {
      "user": 12
    }
  },
  "user": {
    "precision": 0.65,
    "recall": 0.9285714285714286,
    "f1-score": 0.7647058823529412,
    "support": 42,
    "confused_with": {
      "item": 2
    }
  },
  "quantity": {
    "precision": 1.0,
    "recall": 0.7142857142857143,
    "f1-score": 0.8333333333333333,
    "support": 28,
    "confused_with": {
      "user": 5
    }
  },
  "uom": {
    "precision": 1.0,
    "recall": 0.7894736842105263,
    "f1-score": 0.8823529411764706,
    "support": 19,
    "confused_with": {
      "user": 3
    }
  },
  "micro avg": {
    "precision": 0.831081081081081,
    "recall": 0.7834394904458599,
    "f1-score": 0.8065573770491803,
    "support": 157
  },
  "macro avg": {
    "precision": 0.7149056603773585,
    "recall": 0.6327348221299518,
    "f1-score": 0.6594117647058824,
    "support": 157
  },
  "weighted avg": {
    "precision": 0.8677923326523254,
    "recall": 0.7834394904458599,
    "f1-score": 0.8084863244660923,
    "support": 157
  }
}