{
  "user": {
    "precision": 0.625,
    "recall": 0.975609756097561,
    "f1-score": 0.7619047619047619,
    "support": 41,
    "confused_with": {
      "item": 1
    }
  },
  "yes_no_answer": {
    "precision": 0.0,
    "recall": 0.0,
    "f1-score": 0.0,
    "support": 1,
    "confused_with": {
      "user": 1
    }
  },
  "item": {
    "precision": 0.9375,
    "recall": 0.5660377358490566,
    "f1-score": 0.7058823529411765,
    "support": 53,
    "confused_with": {
      "user": 17
    }
  },
  "quantity": {
    "precision": 1.0,
    "recall": 0.6666666666666666,
    "f1-score": 0.8,
    "support": 18,
    "confused_with": {
      "user": 3
    }
  },
  "uom": {
    "precision": 1.0,
    "recall": 0.6363636363636364,
    "f1-score": 0.7777777777777778,
    "support": 11,
    "confused_with": {
      "user": 1
    }
  },
  "micro avg": {
    "precision": 0.7739130434782608,
    "recall": 0.717741935483871,
    "f1-score": 0.7447698744769875,
    "support": 124
  },
  "macro avg": {
    "precision": 0.7125,
    "recall": 0.5689355589953841,
    "f1-score": 0.6091129785247432,
    "support": 124
  },
  "weighted avg": {
    "precision": 0.8412298387096774,
    "recall": 0.717741935483871,
    "f1-score": 0.7387533508026867,
    "support": 124
  }
}