{
  "user": {
    "precision": 1.0,
    "recall": 1.0,
    "f1-score": 1.0,
    "support": 209,
    "confused_with": {}
  },
  "yes_no_answer": {
    "precision": 1.0,
    "recall": 1.0,
    "f1-score": 1.0,
    "support": 4,
    "confused_with": {}
  },
  "quantity": {
    "precision": 1.0,
    "recall": 0.967479674796748,
    "f1-score": 0.9834710743801653,
    "support": 123,
    "confused_with": {}
  },
  "uom": {
    "precision": 1.0,
    "recall": 0.9733333333333334,
    "f1-score": 0.9864864864864865,
    "support": 75,
    "confused_with": {}
  },
  "item": {
    "precision": 1.0,
    "recall": 0.8966565349544073,
    "f1-score": 0.9455128205128205,
    "support": 329,
    "confused_with": {}
  },
  "micro avg": {
    "precision": 1.0,
    "recall": 0.9459459459459459,
    "f1-score": 0.9722222222222222,
    "support": 740
  },
  "macro avg": {
    "precision": 1.0,
    "recall": 0.9674939086168978,
    "f1-score": 0.9830940762758944,
    "support": 740
  },
  "weighted avg": {
    "precision": 1.0,
    "recall": 0.9459459459459459,
    "f1-score": 0.9716583061945471,
    "support": 740
  }
}