{
  "item": {
    "precision": 1.0,
    "recall": 0.8051948051948052,
    "f1-score": 0.8920863309352518,
    "support": 77,
    "confused_with": {
      "user": 1
    }
  },
  "user": {
    "precision": 0.9487179487179487,
    "recall": 1.0,
    "f1-score": 0.9736842105263158,
    "support": 37,
    "confused_with": {}
  },
  "quantity": {
    "precision": 0.9130434782608695,
    "recall": 0.9545454545454546,
    "f1-score": 0.9333333333333332,
    "support": 22,
    "confused_with": {}
  },
  "uom": {
    "precision": 0.9230769230769231,
    "recall": 0.8571428571428571,
    "f1-score": 0.888888888888889,
    "support": 14,
    "confused_with": {}
  },
  "micro avg": {
    "precision": 0.9635036496350365,
    "recall": 0.88,
    "f1-score": 0.9198606271777003,
    "support": 150
  },
  "macro avg": {
    "precision": 0.9462095875139354,
    "recall": 0.9042207792207793,
    "f1-score": 0.9219981909209474,
    "support": 150
  },
  "weighted avg": {
    "precision": 0.9674173169825345,
    "recall": 0.88,
    "f1-score": 0.917964940328439,
    "support": 150
  }
}