{
  "item": {
    "precision": 0.9210526315789473,
    "recall": 0.5555555555555556,
    "f1-score": 0.693069306930693,
    "support": 63,
    "confused_with": {
      "user": 10
    }
  },
  "yes_no_answer": {
    "precision": 0.0,
    "recall": 0.0,
    "f1-score": 0.0,
    "support": 1,
    "confused_with": {
      "user": 1
    }
  },
  "quantity": {
    "precision": 1.0,
    "recall": 0.6538461538461539,
    "f1-score": 0.7906976744186047,
    "support": 26,
    "confused_with": {
      "user": 4
    }
  },
  "uom": {
    "precision": 1.0,
    "recall": 0.7333333333333333,
    "f1-score": 0.846153846153846,
    "support": 15,
    "confused_with": {
      "user": 2
    }
  },
  "user": {
    "precision": 0.6666666666666666,
    "recall": 0.9090909090909091,
    "f1-score": 0.7692307692307692,
    "support": 44,
    "confused_with": {
      "item": 1
    }
  },
  "micro avg": {
    "precision": 0.8174603174603174,
    "recall": 0.6912751677852349,
    "f1-score": 0.7490909090909091,
    "support": 149
  },
  "macro avg": {
    "precision": 0.7175438596491228,
    "recall": 0.5703651903651904,
    "f1-score": 0.6198303193467826,
    "support": 149
  },
  "weighted avg": {
    "precision": 0.8614741551866243,
    "recall": 0.6912751677852349,
    "f1-score": 0.7433554859730128,
    "support": 149
  }
}