{
  "logout": {
    "precision": 0.0,
    "recall": 0.0,
    "f1-score": 0.0,
    "support": 1,
    "confused_with": {
      "remove": 1
    }
  },
  "inform": {
    "precision": 0.875,
    "recall": 0.9180327868852459,
    "f1-score": 0.8959999999999999,
    "support": 61,
    "confused_with": {
      "insert": 4,
      "remove": 1
    }
  },
  "show": {
    "precision": 1.0,
    "recall": 0.8,
    "f1-score": 0.888888888888889,
    "support": 5,
    "confused_with": {
      "inform": 1
    }
  },
  "affirm": {
    "precision": 0.0,
    "recall": 0.0,
    "f1-score": 0.0,
    "support": 2,
    "confused_with": {
      "deny": 2
    }
  },
  "empty": {
    "precision": 0.0,
    "recall": 0.0,
    "f1-score": 0.0,
    "support": 2,
    "confused_with": {
      "insert": 1,
      "inform": 1
    }
  },
  "greet": {
    "precision": 0.8571428571428571,
    "recall": 0.9230769230769231,
    "f1-score": 0.888888888888889,
    "support": 13,
    "confused_with": {
      "inform": 1
    }
  },
  "insert": {
    "precision": 0.7916666666666666,
    "recall": 0.8636363636363636,
    "f1-score": 0.8260869565217391,
    "support": 22,
    "confused_with": {
      "inform": 3
    }
  },
  "remove": {
    "precision": 0.8,
    "recall": 1.0,
    "f1-score": 0.888888888888889,
    "support": 8,
    "confused_with": {}
  },
  "goodbye": {
    "precision": 0.0,
    "recall": 0.0,
    "f1-score": 0.0,
    "support": 3,
    "confused_with": {
      "greet": 2,
      "thankyou": 1
    }
  },
  "deny": {
    "precision": 0.0,
    "recall": 0.0,
    "f1-score": 0.0,
    "support": 2,
    "confused_with": {
      "inform": 1,
      "affirm": 1
    }
  },
  "thankyou": {
    "precision": 0.6666666666666666,
    "recall": 0.6666666666666666,
    "f1-score": 0.6666666666666666,
    "support": 3,
    "confused_with": {
      "inform": 1
    }
  },
  "accuracy": 0.8278688524590164,
  "macro avg": {
    "precision": 0.45367965367965374,
    "recall": 0.47012843093319995,
    "f1-score": 0.45958366271409745,
    "support": 122
  },
  "weighted avg": {
    "precision": 0.7814305230288836,
    "recall": 0.8278688524590164,
    "f1-score": 0.8027952799556506,
    "support": 122
  }
}