{
  "item": {
    "precision": 0.9666666666666667,
    "recall": 0.9830508474576272,
    "f1-score": 0.9747899159663865,
    "support": 59,
    "confused_with": {}
  },
  "yes_no_answer": {
    "precision": 0.0,
    "recall": 0.0,
    "f1-score": 0.0,
    "support": 2,
    "confused_with": {}
  },
  "quantity": {
    "precision": 0.9545454545454546,
    "recall": 1.0,
    "f1-score": 0.9767441860465117,
    "support": 21,
    "confused_with": {}
  },
  "uom": {
    "precision": 1.0,
    "recall": 1.0,
    "f1-score": 1.0,
    "support": 17,
    "confused_with": {}
  },
  "user": {
    "precision": 1.0,
    "recall": 0.975609756097561,
    "f1-score": 0.9876543209876543,
    "support": 41,
    "confused_with": {}
  },
  "micro avg": {
    "precision": 0.9784172661870504,
    "recall": 0.9714285714285714,
    "f1-score": 0.974910394265233,
    "support": 140
  },
  "macro avg": {
    "precision": 0.7842424242424243,
    "recall": 0.7917321207110376,
    "f1-score": 0.7878376846001105,
    "support": 140
  },
  "weighted avg": {
    "precision": 0.9648484848484847,
    "recall": 0.9714285714285714,
    "f1-score": 0.9679861436391956,
    "support": 140
  }
}