{
  "quantity": {
    "precision": 0.9347826086956522,
    "recall": 0.945054945054945,
    "f1-score": 0.9398907103825138,
    "support": 91,
    "confused_with": {
      "user": 1
    }
  },
  "user": {
    "precision": 0.9585253456221198,
    "recall": 0.9952153110047847,
    "f1-score": 0.976525821596244,
    "support": 209,
    "confused_with": {
      "uom": 1
    }
  },
  "yes_no_answer": {
    "precision": 0.0,
    "recall": 0.0,
    "f1-score": 0.0,
    "support": 4,
    "confused_with": {}
  },
  "uom": {
    "precision": 0.92,
    "recall": 0.8214285714285714,
    "f1-score": 0.8679245283018867,
    "support": 56,
    "confused_with": {
      "item": 2
    }
  },
  "item": {
    "precision": 0.9382239382239382,
    "recall": 0.8933823529411765,
    "f1-score": 0.9152542372881357,
    "support": 272,
    "confused_with": {
      "user": 4
    }
  },
  "micro avg": {
    "precision": 0.9433656957928802,
    "recall": 0.9224683544303798,
    "f1-score": 0.9328,
    "support": 632
  },
  "macro avg": {
    "precision": 0.750306378508342,
    "recall": 0.7310162360858955,
    "f1-score": 0.739919059513756,
    "support": 632
  },
  "weighted avg": {
    "precision": 0.9368891231380357,
    "recall": 0.9224683544303798,
    "f1-score": 0.9290773377938328,
    "support": 632
  }
}