{
  "config": [
    [
      0.9585106465350368,
      0.9662206736353077,
      0.9087103174603174,
      0.7950842490842491
    ],
    [
      0.9318195363251682,
      0.9137481620214067,
      0.8962390289449113,
      0.8459343737494999
    ],
    [
      0.9319691717100496,
      0.9225485007757718,
      0.9156011025541474,
      0.8027952799556506
    ]
  ],
  "new_config": [
    [
      0.9757774665421723,
      0.9674417989417988,
      0.9668862433862433,
      0.8912135499127187
    ],
    [
      0.9829215347931926,
      0.973767507002801,
      0.9143685709577948,
      0.8810708805288382
    ],
    [
      0.9577698423451031,
      0.9203692608247781,
      0.9361262902246509,
      0.9041139237886626
    ]
  ]
}