{
  "yes_no_answer": {
    "precision": 0.0,
    "recall": 0.0,
    "f1-score": 0.0,
    "support": 1,
    "confused_with": {
      "item": 1
    }
  },
  "user": {
    "precision": 0.72,
    "recall": 0.8372093023255814,
    "f1-score": 0.7741935483870969,
    "support": 43,
    "confused_with": {
      "item": 7
    }
  },
  "uom": {
    "precision": 1.0,
    "recall": 0.6923076923076923,
    "f1-score": 0.8181818181818181,
    "support": 13,
    "confused_with": {
      "user": 3
    }
  },
  "quantity": {
    "precision": 1.0,
    "recall": 0.8235294117647058,
    "f1-score": 0.9032258064516129,
    "support": 17,
    "confused_with": {
      "user": 1
    }
  },
  "item": {
    "precision": 0.8260869565217391,
    "recall": 0.7755102040816326,
    "f1-score": 0.8,
    "support": 49,
    "confused_with": {
      "user": 7
    }
  },
  "micro avg": {
    "precision": 0.8151260504201681,
    "recall": 0.7886178861788617,
    "f1-score": 0.8016528925619835,
    "support": 123
  },
  "macro avg": {
    "precision": 0.7092173913043478,
    "recall": 0.6257113220959224,
    "f1-score": 0.6591202346041056,
    "support": 123
  },
  "weighted avg": {
    "precision": 0.824701307882644,
    "recall": 0.7886178861788617,
    "f1-score": 0.8006628042820018,
    "support": 123
  }
}