{
  "user": {
    "precision": 0.7037037037037037,
    "recall": 0.926829268292683,
    "f1-score": 0.8000000000000002,
    "support": 41,
    "confused_with": {
      "item": 3
    }
  },
  "yes_no_answer": {
    "precision": 0.0,
    "recall": 0.0,
    "f1-score": 0.0,
    "support": 1,
    "confused_with": {
      "user": 1
    }
  },
  "item": {
    "precision": 0.8636363636363636,
    "recall": 0.7169811320754716,
    "f1-score": 0.7835051546391751,
    "support": 53,
    "confused_with": {
      "user": 11
    }
  },
  "quantity": {
    "precision": 0.9333333333333333,
    "recall": 0.7777777777777778,
    "f1-score": 0.8484848484848485,
    "support": 18,
    "confused_with": {
      "user": 2
    }
  },
  "uom": {
    "precision": 1.0,
    "recall": 0.7272727272727273,
    "f1-score": 0.8421052631578948,
    "support": 11,
    "confused_with": {
      "item": 2
    }
  },
  "micro avg": {
    "precision": 0.8099173553719008,
    "recall": 0.7903225806451613,
    "f1-score": 0.7999999999999999,
    "support": 124
  },
  "macro avg": {
    "precision": 0.7001346801346802,
    "recall": 0.629772181083732,
    "f1-score": 0.6548190532563838,
    "support": 124
  },
  "weighted avg": {
    "precision": 0.8260046703595091,
    "recall": 0.7903225806451613,
    "f1-score": 0.7972714384140356,
    "support": 124
  }
}