{
  "quantity": {
    "precision": 0.9285714285714286,
    "recall": 0.8125,
    "f1-score": 0.8666666666666666,
    "support": 16,
    "confused_with": {
      "user": 2
    }
  },
  "item": {
    "precision": 0.8936170212765957,
    "recall": 0.7,
    "f1-score": 0.7850467289719626,
    "support": 60,
    "confused_with": {
      "user": 16,
      "quantity": 1
    }
  },
  "user": {
    "precision": 0.6065573770491803,
    "recall": 0.925,
    "f1-score": 0.7326732673267327,
    "support": 40,
    "confused_with": {
      "item": 3
    }
  },
  "uom": {
    "precision": 1.0,
    "recall": 0.6666666666666666,
    "f1-score": 0.8,
    "support": 9,
    "confused_with": {
      "user": 1
    }
  },
  "micro avg": {
    "precision": 0.765625,
    "recall": 0.784,
    "f1-score": 0.774703557312253,
    "support": 125
  },
  "macro avg": {
    "precision": 0.8571864567243012,
    "recall": 0.7760416666666666,
    "f1-score": 0.7960966657413404,
    "support": 125
  },
  "weighted avg": {
    "precision": 0.8138916737256464,
    "recall": 0.784,
    "f1-score": 0.7798112087844298,
    "support": 125
  }
}