{
  "quantity": {
    "precision": 0.9,
    "recall": 0.5625,
    "f1-score": 0.6923076923076923,
    "support": 16,
    "confused_with": {
      "user": 2
    }
  },
  "item": {
    "precision": 0.8571428571428571,
    "recall": 0.4,
    "f1-score": 0.5454545454545455,
    "support": 60,
    "confused_with": {
      "user": 24
    }
  },
  "user": {
    "precision": 0.5294117647058824,
    "recall": 0.9,
    "f1-score": 0.6666666666666667,
    "support": 40,
    "confused_with": {
      "item": 2
    }
  },
  "uom": {
    "precision": 1.0,
    "recall": 0.3333333333333333,
    "f1-score": 0.5,
    "support": 9,
    "confused_with": {
      "user": 1
    }
  },
  "micro avg": {
    "precision": 0.6605504587155964,
    "recall": 0.576,
    "f1-score": 0.6153846153846153,
    "support": 125
  },
  "macro avg": {
    "precision": 0.8216386554621848,
    "recall": 0.5489583333333333,
    "f1-score": 0.6011072261072261,
    "support": 125
  },
  "weighted avg": {
    "precision": 0.7680403361344537,
    "recall": 0.576,
    "f1-score": 0.5997668997668999,
    "support": 125
  }
}