{
  "yes_no_answer": {
    "precision": 0.0,
    "recall": 0.0,
    "f1-score": 0.0,
    "support": 1,
    "confused_with": {}
  },
  "item": {
    "precision": 0.9807692307692307,
    "recall": 0.8360655737704918,
    "f1-score": 0.9026548672566372,
    "support": 61,
    "confused_with": {
      "user": 1
    }
  },
  "user": {
    "precision": 0.9555555555555556,
    "recall": 1.0,
    "f1-score": 0.9772727272727273,
    "support": 43,
    "confused_with": {}
  },
  "quantity": {
    "precision": 0.9047619047619048,
    "recall": 0.95,
    "f1-score": 0.9268292682926829,
    "support": 20,
    "confused_with": {}
  },
  "uom": {
    "precision": 1.0,
    "recall": 0.9375,
    "f1-score": 0.967741935483871,
    "support": 16,
    "confused_with": {
      "item": 1
    }
  },
  "micro avg": {
    "precision": 0.9624060150375939,
    "recall": 0.9078014184397163,
    "f1-score": 0.9343065693430657,
    "support": 141
  },
  "macro avg": {
    "precision": 0.7682173382173383,
    "recall": 0.7447131147540984,
    "f1-score": 0.7548997596611837,
    "support": 141
  },
  "weighted avg": {
    "precision": 0.9575251777379438,
    "recall": 0.9078014184397163,
    "f1-score": 0.9298236206310477,
    "support": 141
  }
}