{
  "insert": {
    "precision": 0.9333333333333333,
    "recall": 0.9333333333333333,
    "f1-score": 0.9333333333333333,
    "support": 15,
    "confused_with": {
      "greet": 1
    }
  },
  "affirm": {
    "precision": 1.0,
    "recall": 1.0,
    "f1-score": 1.0,
    "support": 2,
    "confused_with": {}
  },
  "remove": {
    "precision": 1.0,
    "recall": 1.0,
    "f1-score": 1.0,
    "support": 5,
    "confused_with": {}
  },
  "deny": {
    "precision": 1.0,
    "recall": 1.0,
    "f1-score": 1.0,
    "support": 2,
    "confused_with": {}
  },
  "show": {
    "precision": 0.5,
    "recall": 0.5,
    "f1-score": 0.5,
    "support": 2,
    "confused_with": {
      "empty": 1
    }
  },
  "empty": {
    "precision": 0.6666666666666666,
    "recall": 1.0,
    "f1-score": 0.8,
    "support": 2,
    "confused_with": {}
  },
  "logout": {
    "precision": 1.0,
    "recall": 1.0,
    "f1-score": 1.0,
    "support": 2,
    "confused_with": {}
  },
  "goodbye": {
    "precision": 0.6666666666666666,
    "recall": 0.6666666666666666,
    "f1-score": 0.6666666666666666,
    "support": 3,
    "confused_with": {
      "greet": 1
    }
  },
  "thankyou": {
    "precision": 0.75,
    "recall": 1.0,
    "f1-score": 0.8571428571428571,
    "support": 3,
    "confused_with": {}
  },
  "greet": {
    "precision": 0.8461538461538461,
    "recall": 0.8461538461538461,
    "f1-score": 0.8461538461538461,
    "support": 13,
    "confused_with": {
      "thankyou": 1,
      "goodbye": 1
    }
  },
  "inform": {
    "precision": 1.0,
    "recall": 0.9672131147540983,
    "f1-score": 0.9833333333333333,
    "support": 61,
    "confused_with": {
      "show": 1,
      "insert": 1
    }
  },
  "accuracy": 0.9363636363636364,
  "macro avg": {
    "precision": 0.8511655011655012,
    "recall": 0.9012151782643586,
    "f1-score": 0.8715118215118214,
    "support": 110
  },
  "weighted avg": {
    "precision": 0.9416666666666667,
    "recall": 0.9363636363636364,
    "f1-score": 0.9377705627705627,
    "support": 110
  }
}