{
  "item": {
    "precision": 0.9827586206896551,
    "recall": 0.7402597402597403,
    "f1-score": 0.8444444444444446,
    "support": 77,
    "confused_with": {
      "user": 17
    }
  },
  "user": {
    "precision": 0.6206896551724138,
    "recall": 0.972972972972973,
    "f1-score": 0.7578947368421053,
    "support": 37,
    "confused_with": {
      "item": 1
    }
  },
  "quantity": {
    "precision": 0.9545454545454546,
    "recall": 0.9545454545454546,
    "f1-score": 0.9545454545454546,
    "support": 22,
    "confused_with": {
      "user": 1
    }
  },
  "uom": {
    "precision": 1.0,
    "recall": 0.9285714285714286,
    "f1-score": 0.962962962962963,
    "support": 14,
    "confused_with": {
      "user": 1
    }
  },
  "micro avg": {
    "precision": 0.8410596026490066,
    "recall": 0.8466666666666667,
    "f1-score": 0.8438538205980066,
    "support": 150
  },
  "macro avg": {
    "precision": 0.8894984326018809,
    "recall": 0.8990873990873991,
    "f1-score": 0.879961899698742,
    "support": 150
  },
  "weighted avg": {
    "precision": 0.8909195402298851,
    "recall": 0.8466666666666667,
    "f1-score": 0.8503053931124107,
    "support": 150
  }
}