{
  "user": {
    "precision": 0.7321428571428571,
    "recall": 0.9534883720930233,
    "f1-score": 0.8282828282828282,
    "support": 43,
    "confused_with": {
      "item": 2
    }
  },
  "yes_no_answer": {
    "precision": 0.0,
    "recall": 0.0,
    "f1-score": 0.0,
    "support": 2,
    "confused_with": {
      "user": 1,
      "item": 1
    }
  },
  "item": {
    "precision": 0.8085106382978723,
    "recall": 0.8260869565217391,
    "f1-score": 0.8172043010752688,
    "support": 46,
    "confused_with": {
      "user": 6,
      "quantity": 1
    }
  },
  "quantity": {
    "precision": 0.9333333333333333,
    "recall": 0.7777777777777778,
    "f1-score": 0.8484848484848485,
    "support": 18,
    "confused_with": {
      "item": 2,
      "user": 1
    }
  },
  "uom": {
    "precision": 1.0,
    "recall": 0.46153846153846156,
    "f1-score": 0.631578947368421,
    "support": 13,
    "confused_with": {
      "user": 4
    }
  },
  "micro avg": {
    "precision": 0.7983870967741935,
    "recall": 0.8114754098360656,
    "f1-score": 0.8048780487804876,
    "support": 122
  },
  "macro avg": {
    "precision": 0.6947973657548125,
    "recall": 0.6037783135862004,
    "f1-score": 0.6251101850422733,
    "support": 122
  },
  "weighted avg": {
    "precision": 0.8071609198265981,
    "recall": 0.8114754098360656,
    "f1-score": 0.7925476479847601,
    "support": 122
  }
}