{
  "affirm": {
    "precision": 1.0,
    "recall": 1.0,
    "f1-score": 1.0,
    "support": 2,
    "confused_with": {}
  },
  "empty": {
    "precision": 1.0,
    "recall": 1.0,
    "f1-score": 1.0,
    "support": 2,
    "confused_with": {}
  },
  "logout": {
    "precision": 1.0,
    "recall": 0.5,
    "f1-score": 0.6666666666666666,
    "support": 2,
    "confused_with": {
      "show": 1
    }
  },
  "remove": {
    "precision": 0.8333333333333334,
    "recall": 1.0,
    "f1-score": 0.9090909090909091,
    "support": 5,
    "confused_with": {}
  },
  "goodbye": {
    "precision": 0.5,
    "recall": 0.3333333333333333,
    "f1-score": 0.4,
    "support": 3,
    "confused_with": {
      "greet": 2
    }
  },
  "insert": {
    "precision": 0.8125,
    "recall": 0.8666666666666667,
    "f1-score": 0.8387096774193549,
    "support": 15,
    "confused_with": {
      "remove": 1,
      "inform": 1
    }
  },
  "inform": {
    "precision": 0.9655172413793104,
    "recall": 0.9180327868852459,
    "f1-score": 0.9411764705882353,
    "support": 61,
    "confused_with": {
      "insert": 3,
      "show": 1
    }
  },
  "deny": {
    "precision": 1.0,
    "recall": 0.5,
    "f1-score": 0.6666666666666666,
    "support": 2,
    "confused_with": {
      "goodbye": 1
    }
  },
  "thankyou": {
    "precision": 1.0,
    "recall": 1.0,
    "f1-score": 1.0,
    "support": 3,
    "confused_with": {}
  },
  "show": {
    "precision": 0.3333333333333333,
    "recall": 0.5,
    "f1-score": 0.4,
    "support": 2,
    "confused_with": {
      "inform": 1
    }
  },
  "greet": {
    "precision": 0.8125,
    "recall": 1.0,
    "f1-score": 0.896551724137931,
    "support": 13,
    "confused_with": {}
  },
  "accuracy": 0.8909090909090909,
  "macro avg": {
    "precision": 0.8415621734587252,
    "recall": 0.7834575260804769,
    "f1-score": 0.7926238285972512,
    "support": 110
  },
  "weighted avg": {
    "precision": 0.8998171368861025,
    "recall": 0.8909090909090909,
    "f1-score": 0.8896336681189726,
    "support": 110
  }
}