{
  "remove": {
    "precision": 1.0,
    "recall": 1.0,
    "f1-score": 1.0,
    "support": 7,
    "confused_with": {}
  },
  "goodbye": {
    "precision": 0.6666666666666666,
    "recall": 0.6666666666666666,
    "f1-score": 0.6666666666666666,
    "support": 3,
    "confused_with": {
      "insert": 1
    }
  },
  "inform": {
    "precision": 0.9523809523809523,
    "recall": 0.9836065573770492,
    "f1-score": 0.9677419354838709,
    "support": 61,
    "confused_with": {
      "greet": 1
    }
  },
  "show": {
    "precision": 1.0,
    "recall": 1.0,
    "f1-score": 1.0,
    "support": 4,
    "confused_with": {}
  },
  "logout": {
    "precision": 1.0,
    "recall": 1.0,
    "f1-score": 1.0,
    "support": 2,
    "confused_with": {}
  },
  "insert": {
    "precision": 0.9545454545454546,
    "recall": 0.9130434782608695,
    "f1-score": 0.9333333333333332,
    "support": 23,
    "confused_with": {
      "inform": 2
    }
  },
  "affirm": {
    "precision": 1.0,
    "recall": 1.0,
    "f1-score": 1.0,
    "support": 2,
    "confused_with": {}
  },
  "thankyou": {
    "precision": 0.8,
    "recall": 1.0,
    "f1-score": 0.888888888888889,
    "support": 4,
    "confused_with": {}
  },
  "deny": {
    "precision": 0.0,
    "recall": 0.0,
    "f1-score": 0.0,
    "support": 2,
    "confused_with": {
      "inform": 1,
      "goodbye": 1
    }
  },
  "empty": {
    "precision": 1.0,
    "recall": 1.0,
    "f1-score": 1.0,
    "support": 1,
    "confused_with": {}
  },
  "greet": {
    "precision": 0.9230769230769231,
    "recall": 0.9230769230769231,
    "f1-score": 0.9230769230769231,
    "support": 13,
    "confused_with": {
      "thankyou": 1
    }
  },
  "accuracy": 0.9426229508196722,
  "macro avg": {
    "precision": 0.8451518178790907,
    "recall": 0.862399420489228,
    "f1-score": 0.8527007043136074,
    "support": 122
  },
  "weighted avg": {
    "precision": 0.9282769143424882,
    "recall": 0.9426229508196722,
    "f1-score": 0.9348727892355602,
    "support": 122
  }
}