{
  "item": {
    "precision": 0.9464285714285714,
    "recall": 0.6883116883116883,
    "f1-score": 0.7969924812030074,
    "support": 77,
    "confused_with": {
      "user": 19
    }
  },
  "user": {
    "precision": 0.576271186440678,
    "recall": 0.918918918918919,
    "f1-score": 0.7083333333333333,
    "support": 37,
    "confused_with": {
      "item": 3
    }
  },
  "quantity": {
    "precision": 0.9545454545454546,
    "recall": 0.9545454545454546,
    "f1-score": 0.9545454545454546,
    "support": 22,
    "confused_with": {
      "user": 1
    }
  },
  "uom": {
    "precision": 1.0,
    "recall": 0.9285714285714286,
    "f1-score": 0.962962962962963,
    "support": 14,
    "confused_with": {
      "user": 1
    }
  },
  "micro avg": {
    "precision": 0.8066666666666666,
    "recall": 0.8066666666666666,
    "f1-score": 0.8066666666666665,
    "support": 150
  },
  "macro avg": {
    "precision": 0.869311303103676,
    "recall": 0.8725868725868726,
    "f1-score": 0.8557085580111896,
    "support": 150
  },
  "weighted avg": {
    "precision": 0.8613135593220339,
    "recall": 0.8066666666666666,
    "f1-score": 0.8137215724496426,
    "support": 150
  }
}