{
  "user": {
    "precision": 0.6833333333333333,
    "recall": 0.9534883720930233,
    "f1-score": 0.7961165048543688,
    "support": 43,
    "confused_with": {
      "item": 2
    }
  },
  "yes_no_answer": {
    "precision": 0.0,
    "recall": 0.0,
    "f1-score": 0.0,
    "support": 2,
    "confused_with": {
      "user": 1,
      "item": 1
    }
  },
  "item": {
    "precision": 0.7560975609756098,
    "recall": 0.6739130434782609,
    "f1-score": 0.7126436781609194,
    "support": 46,
    "confused_with": {
      "user": 10
    }
  },
  "quantity": {
    "precision": 1.0,
    "recall": 0.7222222222222222,
    "f1-score": 0.8387096774193548,
    "support": 18,
    "confused_with": {
      "item": 2
    }
  },
  "uom": {
    "precision": 1.0,
    "recall": 0.38461538461538464,
    "f1-score": 0.5555555555555556,
    "support": 13,
    "confused_with": {
      "item": 4,
      "user": 3
    }
  },
  "micro avg": {
    "precision": 0.7563025210084033,
    "recall": 0.7377049180327869,
    "f1-score": 0.7468879668049792,
    "support": 122
  },
  "macro avg": {
    "precision": 0.6878861788617886,
    "recall": 0.5468478044817782,
    "f1-score": 0.5806050831980396,
    "support": 122
  },
  "weighted avg": {
    "precision": 0.7800313208050113,
    "recall": 0.7377049180327869,
    "f1-score": 0.7322427485238587,
    "support": 122
  }
}