{
  "quantity": {
    "precision": 0.9285714285714286,
    "recall": 0.9285714285714286,
    "f1-score": 0.9285714285714286,
    "support": 14,
    "confused_with": {
      "user": 1
    }
  },
  "item": {
    "precision": 1.0,
    "recall": 0.5636363636363636,
    "f1-score": 0.7209302325581396,
    "support": 55,
    "confused_with": {
      "user": 22
    }
  },
  "user": {
    "precision": 0.5714285714285714,
    "recall": 1.0,
    "f1-score": 0.7272727272727273,
    "support": 40,
    "confused_with": {}
  },
  "uom": {
    "precision": 1.0,
    "recall": 0.7272727272727273,
    "f1-score": 0.8421052631578948,
    "support": 11,
    "confused_with": {
      "user": 3
    }
  },
  "micro avg": {
    "precision": 0.7479674796747967,
    "recall": 0.7666666666666667,
    "f1-score": 0.757201646090535,
    "support": 120
  },
  "macro avg": {
    "precision": 0.875,
    "recall": 0.80487012987013,
    "f1-score": 0.8047199128900475,
    "support": 120
  },
  "weighted avg": {
    "precision": 0.8488095238095238,
    "recall": 0.7666666666666667,
    "f1-score": 0.7583769148028634,
    "support": 120
  }
}