{
  "thankyou": {
    "precision": 1.0,
    "recall": 0.6666666666666666,
    "f1-score": 0.8,
    "support": 3,
    "confused_with": {
      "greet": 1
    }
  },
  "insert": {
    "precision": 0.9333333333333333,
    "recall": 0.9333333333333333,
    "f1-score": 0.9333333333333333,
    "support": 15,
    "confused_with": {
      "inform": 1
    }
  },
  "greet": {
    "precision": 0.75,
    "recall": 0.9230769230769231,
    "f1-score": 0.8275862068965517,
    "support": 13,
    "confused_with": {
      "inform": 1
    }
  },
  "remove": {
    "precision": 1.0,
    "recall": 1.0,
    "f1-score": 1.0,
    "support": 5,
    "confused_with": {}
  },
  "logout": {
    "precision": 0.0,
    "recall": 0.0,
    "f1-score": 0.0,
    "support": 2,
    "confused_with": {
      "show": 2
    }
  },
  "empty": {
    "precision": 1.0,
    "recall": 1.0,
    "f1-score": 1.0,
    "support": 2,
    "confused_with": {}
  },
  "goodbye": {
    "precision": 0.0,
    "recall": 0.0,
    "f1-score": 0.0,
    "support": 3,
    "confused_with": {
      "greet": 3
    }
  },
  "show": {
    "precision": 0.5,
    "recall": 1.0,
    "f1-score": 0.6666666666666666,
    "support": 2,
    "confused_with": {}
  },
  "affirm": {
    "precision": 1.0,
    "recall": 1.0,
    "f1-score": 1.0,
    "support": 2,
    "confused_with": {}
  },
  "deny": {
    "precision": 1.0,
    "recall": 1.0,
    "f1-score": 1.0,
    "support": 2,
    "confused_with": {}
  },
  "inform": {
    "precision": 0.967741935483871,
    "recall": 0.9836065573770492,
    "f1-score": 0.975609756097561,
    "support": 61,
    "confused_with": {
      "insert": 1
    }
  },
  "accuracy": 0.9181818181818182,
  "macro avg": {
    "precision": 0.7410068426197459,
    "recall": 0.773334861859452,
    "f1-score": 0.7457450875449193,
    "support": 110
  },
  "weighted avg": {
    "precision": 0.8889296187683284,
    "recall": 0.9181818181818182,
    "f1-score": 0.9000377194994521,
    "support": 110
  }
}