{
  "user": {
    "precision": 0.7636363636363637,
    "recall": 0.8571428571428571,
    "f1-score": 0.8076923076923076,
    "support": 49,
    "confused_with": {
      "item": 6
    }
  },
  "yes_no_answer": {
    "precision": 0.0,
    "recall": 0.0,
    "f1-score": 0.0,
    "support": 2,
    "confused_with": {
      "user": 2
    }
  },
  "item": {
    "precision": 0.8222222222222222,
    "recall": 0.6607142857142857,
    "f1-score": 0.7326732673267325,
    "support": 56,
    "confused_with": {
      "user": 8
    }
  },
  "quantity": {
    "precision": 0.9230769230769231,
    "recall": 0.6666666666666666,
    "f1-score": 0.7741935483870968,
    "support": 18,
    "confused_with": {
      "user": 1
    }
  },
  "uom": {
    "precision": 0.7142857142857143,
    "recall": 0.7142857142857143,
    "f1-score": 0.7142857142857143,
    "support": 7,
    "confused_with": {}
  },
  "micro avg": {
    "precision": 0.8,
    "recall": 0.7272727272727273,
    "f1-score": 0.761904761904762,
    "support": 132
  },
  "macro avg": {
    "precision": 0.6446442446442446,
    "recall": 0.5797619047619047,
    "f1-score": 0.6057689675383703,
    "support": 132
  },
  "weighted avg": {
    "precision": 0.7960455369546278,
    "recall": 0.7272727272727273,
    "f1-score": 0.7541068933196048,
    "support": 132
  }
}