{
  "yes_no_answer": {
    "precision": 0.0,
    "recall": 0.0,
    "f1-score": 0.0,
    "support": 1,
    "confused_with": {
      "user": 1
    }
  },
  "user": {
    "precision": 0.6557377049180327,
    "recall": 0.9090909090909091,
    "f1-score": 0.761904761904762,
    "support": 44,
    "confused_with": {
      "item": 2
    }
  },
  "uom": {
    "precision": 1.0,
    "recall": 0.5,
    "f1-score": 0.6666666666666666,
    "support": 12,
    "confused_with": {
      "user": 2
    }
  },
  "quantity": {
    "precision": 0.9,
    "recall": 0.47368421052631576,
    "f1-score": 0.6206896551724138,
    "support": 19,
    "confused_with": {
      "user": 3
    }
  },
  "item": {
    "precision": 0.9032258064516129,
    "recall": 0.5833333333333334,
    "f1-score": 0.7088607594936709,
    "support": 48,
    "confused_with": {
      "user": 14
    }
  },
  "micro avg": {
    "precision": 0.7685185185185185,
    "recall": 0.6693548387096774,
    "f1-score": 0.7155172413793103,
    "support": 124
  },
  "macro avg": {
    "precision": 0.6917927022739291,
    "recall": 0.4932216905901116,
    "f1-score": 0.5516243686475027,
    "support": 124
  },
  "weighted avg": {
    "precision": 0.8169943365005714,
    "recall": 0.6693548387096774,
    "f1-score": 0.7043728179659806,
    "support": 124
  }
}