{
  "yes_no_answer": {
    "precision": 0.0,
    "recall": 0.0,
    "f1-score": 0.0,
    "support": 1,
    "confused_with": {
      "user": 1
    }
  },
  "item": {
    "precision": 0.8958333333333334,
    "recall": 0.7049180327868853,
    "f1-score": 0.7889908256880733,
    "support": 61,
    "confused_with": {
      "user": 12
    }
  },
  "user": {
    "precision": 0.6774193548387096,
    "recall": 0.9767441860465116,
    "f1-score": 0.8,
    "support": 43,
    "confused_with": {
      "item": 1
    }
  },
  "quantity": {
    "precision": 0.9047619047619048,
    "recall": 0.95,
    "f1-score": 0.9268292682926829,
    "support": 20,
    "confused_with": {
      "user": 1
    }
  },
  "uom": {
    "precision": 1.0,
    "recall": 0.75,
    "f1-score": 0.8571428571428571,
    "support": 16,
    "confused_with": {
      "user": 2,
      "item": 2
    }
  },
  "micro avg": {
    "precision": 0.8111888111888111,
    "recall": 0.8226950354609929,
    "f1-score": 0.8169014084507041,
    "support": 141
  },
  "macro avg": {
    "precision": 0.6956029185867896,
    "recall": 0.6763324437666794,
    "f1-score": 0.6745925902247227,
    "support": 141
  },
  "weighted avg": {
    "precision": 0.8359581821747231,
    "recall": 0.8226950354609929,
    "f1-score": 0.8140376698376725,
    "support": 141
  }
}