{
  "remove": {
    "precision": 1.0,
    "recall": 1.0,
    "f1-score": 1.0,
    "support": 6,
    "confused_with": {}
  },
  "goodbye": {
    "precision": 0.3333333333333333,
    "recall": 0.3333333333333333,
    "f1-score": 0.3333333333333333,
    "support": 3,
    "confused_with": {
      "greet": 2
    }
  },
  "inform": {
    "precision": 0.9649122807017544,
    "recall": 0.9016393442622951,
    "f1-score": 0.9322033898305084,
    "support": 61,
    "confused_with": {
      "insert": 4,
      "show": 1
    }
  },
  "show": {
    "precision": 0.8,
    "recall": 0.8,
    "f1-score": 0.8000000000000002,
    "support": 5,
    "confused_with": {
      "goodbye": 1
    }
  },
  "logout": {
    "precision": 1.0,
    "recall": 1.0,
    "f1-score": 1.0,
    "support": 2,
    "confused_with": {}
  },
  "insert": {
    "precision": 0.8333333333333334,
    "recall": 0.9090909090909091,
    "f1-score": 0.8695652173913043,
    "support": 22,
    "confused_with": {
      "inform": 2
    }
  },
  "affirm": {
    "precision": 1.0,
    "recall": 1.0,
    "f1-score": 1.0,
    "support": 2,
    "confused_with": {}
  },
  "thankyou": {
    "precision": 1.0,
    "recall": 1.0,
    "f1-score": 1.0,
    "support": 4,
    "confused_with": {}
  },
  "deny": {
    "precision": 1.0,
    "recall": 1.0,
    "f1-score": 1.0,
    "support": 2,
    "confused_with": {}
  },
  "empty": {
    "precision": 1.0,
    "recall": 1.0,
    "f1-score": 1.0,
    "support": 2,
    "confused_with": {}
  },
  "greet": {
    "precision": 0.8,
    "recall": 0.9230769230769231,
    "f1-score": 0.8571428571428571,
    "support": 13,
    "confused_with": {
      "goodbye": 1
    }
  },
  "accuracy": 0.9016393442622951,
  "macro avg": {
    "precision": 0.8846889952153112,
    "recall": 0.8970127736148601,
    "f1-score": 0.8902040725180004,
    "support": 122
  },
  "weighted avg": {
    "precision": 0.9064998561978718,
    "recall": 0.9016393442622951,
    "f1-score": 0.9027680221731708,
    "support": 122
  }
}