{
  "item": {
    "precision": 1.0,
    "recall": 0.967741935483871,
    "f1-score": 0.9836065573770492,
    "support": 62,
    "confused_with": {}
  },
  "quantity": {
    "precision": 0.9642857142857143,
    "recall": 1.0,
    "f1-score": 0.9818181818181818,
    "support": 27,
    "confused_with": {}
  },
  "uom": {
    "precision": 1.0,
    "recall": 0.875,
    "f1-score": 0.9333333333333333,
    "support": 16,
    "confused_with": {}
  },
  "user": {
    "precision": 0.9555555555555556,
    "recall": 1.0,
    "f1-score": 0.9772727272727273,
    "support": 43,
    "confused_with": {}
  },
  "micro avg": {
    "precision": 0.9795918367346939,
    "recall": 0.972972972972973,
    "f1-score": 0.976271186440678,
    "support": 148
  },
  "macro avg": {
    "precision": 0.9799603174603175,
    "recall": 0.9606854838709677,
    "f1-score": 0.969007699950323,
    "support": 148
  },
  "weighted avg": {
    "precision": 0.9805716430716431,
    "recall": 0.972972972972973,
    "f1-score": 0.9760051221116794,
    "support": 148
  }
}