{
  "logout": {
    "precision": 1.0,
    "recall": 1.0,
    "f1-score": 1.0,
    "support": 2,
    "confused_with": {}
  },
  "inform": {
    "precision": 0.9655172413793104,
    "recall": 0.9180327868852459,
    "f1-score": 0.9411764705882353,
    "support": 61,
    "confused_with": {
      "insert": 4,
      "remove": 1
    }
  },
  "show": {
    "precision": 1.0,
    "recall": 0.75,
    "f1-score": 0.8571428571428571,
    "support": 4,
    "confused_with": {
      "thankyou": 1
    }
  },
  "affirm": {
    "precision": 1.0,
    "recall": 1.0,
    "f1-score": 1.0,
    "support": 2,
    "confused_with": {}
  },
  "empty": {
    "precision": 1.0,
    "recall": 1.0,
    "f1-score": 1.0,
    "support": 2,
    "confused_with": {}
  },
  "greet": {
    "precision": 0.9166666666666666,
    "recall": 0.9166666666666666,
    "f1-score": 0.9166666666666666,
    "support": 12,
    "confused_with": {
      "inform": 1
    }
  },
  "insert": {
    "precision": 0.8518518518518519,
    "recall": 1.0,
    "f1-score": 0.92,
    "support": 23,
    "confused_with": {}
  },
  "remove": {
    "precision": 0.75,
    "recall": 1.0,
    "f1-score": 0.8571428571428571,
    "support": 6,
    "confused_with": {}
  },
  "goodbye": {
    "precision": 1.0,
    "recall": 0.5,
    "f1-score": 0.6666666666666666,
    "support": 2,
    "confused_with": {
      "greet": 1
    }
  },
  "deny": {
    "precision": 1.0,
    "recall": 0.5,
    "f1-score": 0.6666666666666666,
    "support": 2,
    "confused_with": {
      "remove": 1
    }
  },
  "thankyou": {
    "precision": 0.6666666666666666,
    "recall": 0.6666666666666666,
    "f1-score": 0.6666666666666666,
    "support": 3,
    "confused_with": {
      "inform": 1
    }
  },
  "accuracy": 0.9159663865546218,
  "macro avg": {
    "precision": 0.9227911296876813,
    "recall": 0.8410332836562344,
    "f1-score": 0.8629208046855105,
    "support": 119
  },
  "weighted avg": {
    "precision": 0.9242785236700045,
    "recall": 0.9159663865546218,
    "f1-score": 0.9143685709577948,
    "support": 119
  }
}