{
  "quantity": {
    "precision": 0.7647058823529411,
    "recall": 0.9285714285714286,
    "f1-score": 0.8387096774193549,
    "support": 14,
    "confused_with": {}
  },
  "item": {
    "precision": 0.9772727272727273,
    "recall": 0.7818181818181819,
    "f1-score": 0.8686868686868686,
    "support": 55,
    "confused_with": {
      "user": 4
    }
  },
  "user": {
    "precision": 0.8888888888888888,
    "recall": 1.0,
    "f1-score": 0.9411764705882353,
    "support": 40,
    "confused_with": {}
  },
  "uom": {
    "precision": 0.8333333333333334,
    "recall": 0.9090909090909091,
    "f1-score": 0.8695652173913043,
    "support": 11,
    "confused_with": {}
  },
  "micro avg": {
    "precision": 0.8983050847457628,
    "recall": 0.8833333333333333,
    "f1-score": 0.8907563025210085,
    "support": 120
  },
  "macro avg": {
    "precision": 0.8660502079619726,
    "recall": 0.9048701298701299,
    "f1-score": 0.8795345585214408,
    "support": 120
  },
  "weighted avg": {
    "precision": 0.9098175381263617,
    "recall": 0.8833333333333333,
    "f1-score": 0.8894332456373542,
    "support": 120
  }
}