{
  "thankyou": {
    "precision": 1.0,
    "recall": 0.6666666666666666,
    "f1-score": 0.8,
    "support": 3,
    "confused_with": {
      "greet": 1
    }
  },
  "insert": {
    "precision": 1.0,
    "recall": 0.8,
    "f1-score": 0.888888888888889,
    "support": 15,
    "confused_with": {
      "inform": 3
    }
  },
  "greet": {
    "precision": 0.7647058823529411,
    "recall": 1.0,
    "f1-score": 0.8666666666666666,
    "support": 13,
    "confused_with": {}
  },
  "remove": {
    "precision": 1.0,
    "recall": 1.0,
    "f1-score": 1.0,
    "support": 5,
    "confused_with": {}
  },
  "logout": {
    "precision": 0.0,
    "recall": 0.0,
    "f1-score": 0.0,
    "support": 2,
    "confused_with": {
      "inform": 2
    }
  },
  "empty": {
    "precision": 1.0,
    "recall": 1.0,
    "f1-score": 1.0,
    "support": 2,
    "confused_with": {}
  },
  "goodbye": {
    "precision": 0.6666666666666666,
    "recall": 0.6666666666666666,
    "f1-score": 0.6666666666666666,
    "support": 3,
    "confused_with": {
      "greet": 1
    }
  },
  "show": {
    "precision": 1.0,
    "recall": 1.0,
    "f1-score": 1.0,
    "support": 2,
    "confused_with": {}
  },
  "affirm": {
    "precision": 1.0,
    "recall": 1.0,
    "f1-score": 1.0,
    "support": 2,
    "confused_with": {}
  },
  "deny": {
    "precision": 0.0,
    "recall": 0.0,
    "f1-score": 0.0,
    "support": 2,
    "confused_with": {
      "greet": 1,
      "goodbye": 1
    }
  },
  "inform": {
    "precision": 0.9230769230769231,
    "recall": 0.9836065573770492,
    "f1-score": 0.9523809523809524,
    "support": 61,
    "confused_with": {
      "greet": 1
    }
  },
  "accuracy": 0.9090909090909091,
  "macro avg": {
    "precision": 0.7594954065542301,
    "recall": 0.7379036264282166,
    "f1-score": 0.7431457431457431,
    "support": 110
  },
  "weighted avg": {
    "precision": 0.884080625257096,
    "recall": 0.9090909090909091,
    "f1-score": 0.8917748917748919,
    "support": 110
  }
}