{
  "yes_no_answer": {
    "precision": 0.0,
    "recall": 0.0,
    "f1-score": 0.0,
    "support": 1,
    "confused_with": {
      "user": 1
    }
  },
  "user": {
    "precision": 0.676923076923077,
    "recall": 1.0,
    "f1-score": 0.8073394495412844,
    "support": 44,
    "confused_with": {}
  },
  "uom": {
    "precision": 0.875,
    "recall": 0.5833333333333334,
    "f1-score": 0.7000000000000001,
    "support": 12,
    "confused_with": {
      "user": 2
    }
  },
  "quantity": {
    "precision": 0.8333333333333334,
    "recall": 0.5263157894736842,
    "f1-score": 0.6451612903225806,
    "support": 19,
    "confused_with": {
      "user": 3
    }
  },
  "item": {
    "precision": 0.9032258064516129,
    "recall": 0.5833333333333334,
    "f1-score": 0.7088607594936709,
    "support": 48,
    "confused_with": {
      "user": 13
    }
  },
  "micro avg": {
    "precision": 0.7672413793103449,
    "recall": 0.717741935483871,
    "f1-score": 0.7416666666666667,
    "support": 124
  },
  "macro avg": {
    "precision": 0.6576964433416046,
    "recall": 0.5385964912280702,
    "f1-score": 0.5722722998715073,
    "support": 124
  },
  "weighted avg": {
    "precision": 0.8021998986098883,
    "recall": 0.717741935483871,
    "f1-score": 0.7274702963842076,
    "support": 124
  }
}