{
  "user": {
    "precision": 0.7931034482758621,
    "recall": 0.9387755102040817,
    "f1-score": 0.8598130841121495,
    "support": 49,
    "confused_with": {
      "item": 2
    }
  },
  "yes_no_answer": {
    "precision": 0.0,
    "recall": 0.0,
    "f1-score": 0.0,
    "support": 2,
    "confused_with": {
      "user": 2
    }
  },
  "item": {
    "precision": 0.9318181818181818,
    "recall": 0.7321428571428571,
    "f1-score": 0.82,
    "support": 56,
    "confused_with": {
      "user": 6
    }
  },
  "quantity": {
    "precision": 1.0,
    "recall": 0.7222222222222222,
    "f1-score": 0.8387096774193548,
    "support": 18,
    "confused_with": {
      "user": 2
    }
  },
  "uom": {
    "precision": 1.0,
    "recall": 0.8571428571428571,
    "f1-score": 0.923076923076923,
    "support": 7,
    "confused_with": {}
  },
  "micro avg": {
    "precision": 0.8760330578512396,
    "recall": 0.803030303030303,
    "f1-score": 0.8379446640316206,
    "support": 132
  },
  "macro avg": {
    "precision": 0.7449843260188087,
    "recall": 0.6500566893424036,
    "f1-score": 0.6883199369216855,
    "support": 132
  },
  "weighted avg": {
    "precision": 0.8791203571767835,
    "recall": 0.803030303030303,
    "f1-score": 0.8303723770953195,
    "support": 132
  }
}