{
  "quantity": {
    "precision": 0.8571428571428571,
    "recall": 0.8571428571428571,
    "f1-score": 0.8571428571428571,
    "support": 14,
    "confused_with": {
      "user": 1
    }
  },
  "item": {
    "precision": 0.9696969696969697,
    "recall": 0.5818181818181818,
    "f1-score": 0.7272727272727272,
    "support": 55,
    "confused_with": {
      "user": 22,
      "quantity": 1
    }
  },
  "user": {
    "precision": 0.5735294117647058,
    "recall": 0.975,
    "f1-score": 0.7222222222222222,
    "support": 40,
    "confused_with": {
      "item": 1
    }
  },
  "uom": {
    "precision": 1.0,
    "recall": 0.6363636363636364,
    "f1-score": 0.7777777777777778,
    "support": 11,
    "confused_with": {
      "user": 3
    }
  },
  "micro avg": {
    "precision": 0.7377049180327869,
    "recall": 0.75,
    "f1-score": 0.743801652892562,
    "support": 120
  },
  "macro avg": {
    "precision": 0.8500923096511332,
    "recall": 0.7625811688311688,
    "f1-score": 0.7711038961038961,
    "support": 120
  },
  "weighted avg": {
    "precision": 0.8272875816993465,
    "recall": 0.75,
    "f1-score": 0.7453703703703703,
    "support": 120
  }
}