{
  "yes_no_answer": {
    "precision": 0.0,
    "recall": 0.0,
    "f1-score": 0.0,
    "support": 1,
    "confused_with": {
      "user": 1
    }
  },
  "item": {
    "precision": 0.9607843137254902,
    "recall": 0.8032786885245902,
    "f1-score": 0.8750000000000001,
    "support": 61,
    "confused_with": {
      "user": 11,
      "quantity": 1
    }
  },
  "user": {
    "precision": 0.6935483870967742,
    "recall": 1.0,
    "f1-score": 0.8190476190476191,
    "support": 43,
    "confused_with": {}
  },
  "quantity": {
    "precision": 0.9473684210526315,
    "recall": 0.9,
    "f1-score": 0.9230769230769231,
    "support": 20,
    "confused_with": {
      "user": 1
    }
  },
  "uom": {
    "precision": 1.0,
    "recall": 0.75,
    "f1-score": 0.8571428571428571,
    "support": 16,
    "confused_with": {
      "user": 2
    }
  },
  "micro avg": {
    "precision": 0.8472222222222222,
    "recall": 0.8652482269503546,
    "f1-score": 0.856140350877193,
    "support": 141
  },
  "macro avg": {
    "precision": 0.7203402243749791,
    "recall": 0.6906557377049181,
    "f1-score": 0.6948534798534799,
    "support": 141
  },
  "weighted avg": {
    "precision": 0.8750198028614811,
    "recall": 0.8652482269503546,
    "f1-score": 0.8565239134388071,
    "support": 141
  }
}