{
  "affirm": {
    "precision": 1.0,
    "recall": 1.0,
    "f1-score": 1.0,
    "support": 2,
    "confused_with": {}
  },
  "empty": {
    "precision": 1.0,
    "recall": 0.5,
    "f1-score": 0.6666666666666666,
    "support": 2,
    "confused_with": {
      "remove": 1
    }
  },
  "logout": {
    "precision": 1.0,
    "recall": 0.5,
    "f1-score": 0.6666666666666666,
    "support": 2,
    "confused_with": {
      "show": 1
    }
  },
  "remove": {
    "precision": 0.8333333333333334,
    "recall": 1.0,
    "f1-score": 0.9090909090909091,
    "support": 5,
    "confused_with": {}
  },
  "goodbye": {
    "precision": 1.0,
    "recall": 0.6666666666666666,
    "f1-score": 0.8,
    "support": 3,
    "confused_with": {
      "greet": 1
    }
  },
  "insert": {
    "precision": 0.9333333333333333,
    "recall": 0.9333333333333333,
    "f1-score": 0.9333333333333333,
    "support": 15,
    "confused_with": {
      "inform": 1
    }
  },
  "inform": {
    "precision": 0.9827586206896551,
    "recall": 0.9344262295081968,
    "f1-score": 0.9579831932773109,
    "support": 61,
    "confused_with": {
      "show": 1,
      "insert": 1
    }
  },
  "deny": {
    "precision": 0.6666666666666666,
    "recall": 1.0,
    "f1-score": 0.8,
    "support": 2,
    "confused_with": {}
  },
  "thankyou": {
    "precision": 1.0,
    "recall": 1.0,
    "f1-score": 1.0,
    "support": 3,
    "confused_with": {}
  },
  "show": {
    "precision": 0.5,
    "recall": 1.0,
    "f1-score": 0.6666666666666666,
    "support": 2,
    "confused_with": {}
  },
  "greet": {
    "precision": 0.8666666666666667,
    "recall": 1.0,
    "f1-score": 0.9285714285714286,
    "support": 13,
    "confused_with": {}
  },
  "accuracy": 0.9272727272727272,
  "macro avg": {
    "precision": 0.8893416927899687,
    "recall": 0.8667660208643816,
    "f1-score": 0.8480889876611801,
    "support": 110
  },
  "weighted avg": {
    "precision": 0.9428631138975967,
    "recall": 0.9272727272727272,
    "f1-score": 0.9277623446072643,
    "support": 110
  }
}