{
  "remove": {
    "precision": 1.0,
    "recall": 1.0,
    "f1-score": 1.0,
    "support": 6,
    "confused_with": {}
  },
  "goodbye": {
    "precision": 0.6666666666666666,
    "recall": 0.6666666666666666,
    "f1-score": 0.6666666666666666,
    "support": 3,
    "confused_with": {
      "greet": 1
    }
  },
  "inform": {
    "precision": 0.9655172413793104,
    "recall": 0.9180327868852459,
    "f1-score": 0.9411764705882353,
    "support": 61,
    "confused_with": {
      "insert": 3,
      "logout": 1
    }
  },
  "show": {
    "precision": 0.8333333333333334,
    "recall": 1.0,
    "f1-score": 0.9090909090909091,
    "support": 5,
    "confused_with": {}
  },
  "logout": {
    "precision": 0.5,
    "recall": 0.5,
    "f1-score": 0.5,
    "support": 2,
    "confused_with": {
      "show": 1
    }
  },
  "insert": {
    "precision": 0.8695652173913043,
    "recall": 0.9090909090909091,
    "f1-score": 0.888888888888889,
    "support": 22,
    "confused_with": {
      "inform": 2
    }
  },
  "affirm": {
    "precision": 1.0,
    "recall": 1.0,
    "f1-score": 1.0,
    "support": 2,
    "confused_with": {}
  },
  "thankyou": {
    "precision": 1.0,
    "recall": 1.0,
    "f1-score": 1.0,
    "support": 4,
    "confused_with": {}
  },
  "deny": {
    "precision": 1.0,
    "recall": 1.0,
    "f1-score": 1.0,
    "support": 2,
    "confused_with": {}
  },
  "empty": {
    "precision": 1.0,
    "recall": 1.0,
    "f1-score": 1.0,
    "support": 2,
    "confused_with": {}
  },
  "greet": {
    "precision": 0.8571428571428571,
    "recall": 0.9230769230769231,
    "f1-score": 0.888888888888889,
    "support": 13,
    "confused_with": {
      "goodbye": 1
    }
  },
  "accuracy": 0.9180327868852459,
  "macro avg": {
    "precision": 0.8811113923557702,
    "recall": 0.9015333896108859,
    "f1-score": 0.8904283476475989,
    "support": 122
  },
  "weighted avg": {
    "precision": 0.920791068166151,
    "recall": 0.9180327868852459,
    "f1-score": 0.9185928718233445,
    "support": 122
  }
}