{
  "config": [
    [
      0.9724031986531986,
      0.9273834625340889,
      0.9000377194994521,
      0.8062193088379046
    ],
    [
      0.9124851179098447,
      0.9199250343152783,
      0.8917748917748919,
      0.784663518299882
    ],
    [
      0.9317380181137297,
      0.9304196643726442,
      0.9383950647707764,
      0.8632358063392546
    ]
  ],
  "new_config_2": [
    [
      0.9824626448819995,
      0.9824626448819995,
      0.9461829387869449,
      0.8580796998195117
    ],
    [
      0.9572736415711622,
      0.9328474718940821,
      0.8694037902242236,
      0.8688547815820543
    ],
    [
      0.0,
      0.0,
      0.0,
      0.0
    ]
  ]
}