{
  "item": {
    "precision": 1.0,
    "recall": 0.9838709677419355,
    "f1-score": 0.991869918699187,
    "support": 62,
    "confused_with": {
      "user": 1
    }
  },
  "quantity": {
    "precision": 0.9642857142857143,
    "recall": 1.0,
    "f1-score": 0.9818181818181818,
    "support": 27,
    "confused_with": {}
  },
  "uom": {
    "precision": 1.0,
    "recall": 0.875,
    "f1-score": 0.9333333333333333,
    "support": 16,
    "confused_with": {}
  },
  "user": {
    "precision": 0.9555555555555556,
    "recall": 1.0,
    "f1-score": 0.9772727272727273,
    "support": 43,
    "confused_with": {}
  },
  "micro avg": {
    "precision": 0.9797297297297297,
    "recall": 0.9797297297297297,
    "f1-score": 0.9797297297297298,
    "support": 148
  },
  "macro avg": {
    "precision": 0.9799603174603175,
    "recall": 0.9647177419354839,
    "f1-score": 0.9710735402808575,
    "support": 148
  },
  "weighted avg": {
    "precision": 0.9805716430716431,
    "recall": 0.9797297297297297,
    "f1-score": 0.979466800503386,
    "support": 148
  }
}