{
  "yes_no_answer": {
    "precision": 0.0,
    "recall": 0.0,
    "f1-score": 0.0,
    "support": 4,
    "confused_with": {}
  },
  "item": {
    "precision": 0.9365079365079365,
    "recall": 0.8676470588235294,
    "f1-score": 0.9007633587786259,
    "support": 272,
    "confused_with": {
      "uom": 7
    }
  },
  "user": {
    "precision": 0.9585253456221198,
    "recall": 0.9952153110047847,
    "f1-score": 0.976525821596244,
    "support": 209,
    "confused_with": {
      "uom": 1
    }
  },
  "quantity": {
    "precision": 0.925531914893617,
    "recall": 0.9560439560439561,
    "f1-score": 0.9405405405405406,
    "support": 91,
    "confused_with": {
      "item": 2
    }
  },
  "uom": {
    "precision": 0.8421052631578947,
    "recall": 0.8571428571428571,
    "f1-score": 0.8495575221238938,
    "support": 56,
    "confused_with": {
      "item": 2
    }
  },
  "micro avg": {
    "precision": 0.9338709677419355,
    "recall": 0.9161392405063291,
    "f1-score": 0.9249201277955272,
    "support": 632
  },
  "macro avg": {
    "precision": 0.7325340920363136,
    "recall": 0.7352098366030255,
    "f1-score": 0.7334774486078609,
    "support": 632
  },
  "weighted avg": {
    "precision": 0.9279165426540238,
    "recall": 0.9161392405063291,
    "f1-score": 0.921306868242925,
    "support": 632
  }
}