{
  "deny": {
    "precision": 0.7777777777777778,
    "recall": 0.7777777777777778,
    "f1-score": 0.7777777777777778,
    "support": 9,
    "confused_with": {
      "goodbye": 2
    }
  },
  "inform": {
    "precision": 0.9862542955326461,
    "recall": 0.9503311258278145,
    "f1-score": 0.9679595278246205,
    "support": 302,
    "confused_with": {
      "greet": 6,
      "insert": 3
    }
  },
  "show": {
    "precision": 0.875,
    "recall": 0.7,
    "f1-score": 0.7777777777777777,
    "support": 10,
    "confused_with": {
      "inform": 1,
      "greet": 1
    }
  },
  "greet": {
    "precision": 0.8714285714285714,
    "recall": 0.9682539682539683,
    "f1-score": 0.9172932330827068,
    "support": 63,
    "confused_with": {
      "thankyou": 1,
      "inform": 1
    }
  },
  "thankyou": {
    "precision": 0.875,
    "recall": 0.8235294117647058,
    "f1-score": 0.8484848484848485,
    "support": 17,
    "confused_with": {
      "inform": 2,
      "goodbye": 1
    }
  },
  "logout": {
    "precision": 0.8571428571428571,
    "recall": 0.8571428571428571,
    "f1-score": 0.8571428571428571,
    "support": 7,
    "confused_with": {
      "greet": 1
    }
  },
  "empty": {
    "precision": 0.9166666666666666,
    "recall": 1.0,
    "f1-score": 0.9565217391304348,
    "support": 11,
    "confused_with": {}
  },
  "affirm": {
    "precision": 0.9090909090909091,
    "recall": 1.0,
    "f1-score": 0.9523809523809523,
    "support": 10,
    "confused_with": {}
  },
  "goodbye": {
    "precision": 0.6875,
    "recall": 0.7333333333333333,
    "f1-score": 0.7096774193548386,
    "support": 15,
    "confused_with": {
      "thankyou": 1,
      "show": 1
    }
  },
  "remove": {
    "precision": 0.9615384615384616,
    "recall": 1.0,
    "f1-score": 0.9803921568627451,
    "support": 25,
    "confused_with": {}
  },
  "insert": {
    "precision": 0.9629629629629629,
    "recall": 1.0,
    "f1-score": 0.9811320754716981,
    "support": 78,
    "confused_with": {}
  },
  "accuracy": 0.9451553930530164,
  "macro avg": {
    "precision": 0.8800329547400776,
    "recall": 0.8918516794636779,
    "f1-score": 0.8842309422992052,
    "support": 547
  },
  "weighted avg": {
    "precision": 0.9470020335003184,
    "recall": 0.9451553930530164,
    "f1-score": 0.9452359909363692,
    "support": 547
  }
}