{
  "item": {
    "precision": 0.9636363636363636,
    "recall": 0.8983050847457628,
    "f1-score": 0.9298245614035089,
    "support": 59,
    "confused_with": {
      "uom": 1
    }
  },
  "yes_no_answer": {
    "precision": 0.0,
    "recall": 0.0,
    "f1-score": 0.0,
    "support": 2,
    "confused_with": {}
  },
  "quantity": {
    "precision": 0.8947368421052632,
    "recall": 0.8095238095238095,
    "f1-score": 0.8500000000000001,
    "support": 21,
    "confused_with": {}
  },
  "uom": {
    "precision": 0.9375,
    "recall": 0.8823529411764706,
    "f1-score": 0.9090909090909091,
    "support": 17,
    "confused_with": {
      "quantity": 1,
      "item": 1
    }
  },
  "user": {
    "precision": 1.0,
    "recall": 0.975609756097561,
    "f1-score": 0.9876543209876543,
    "support": 41,
    "confused_with": {
      "item": 1
    }
  },
  "micro avg": {
    "precision": 0.9615384615384616,
    "recall": 0.8928571428571429,
    "f1-score": 0.9259259259259259,
    "support": 140
  },
  "macro avg": {
    "precision": 0.7591746411483253,
    "recall": 0.7131583183087208,
    "f1-score": 0.7353139582964145,
    "support": 140
  },
  "weighted avg": {
    "precision": 0.9470108509911143,
    "recall": 0.8928571428571429,
    "f1-score": 0.918985869556045,
    "support": 140
  }
}