{
  "logout": {
    "precision": 1.0,
    "recall": 1.0,
    "f1-score": 1.0,
    "support": 1,
    "confused_with": {}
  },
  "inform": {
    "precision": 0.9655172413793104,
    "recall": 0.9180327868852459,
    "f1-score": 0.9411764705882353,
    "support": 61,
    "confused_with": {
      "insert": 2,
      "remove": 1
    }
  },
  "show": {
    "precision": 1.0,
    "recall": 1.0,
    "f1-score": 1.0,
    "support": 5,
    "confused_with": {}
  },
  "affirm": {
    "precision": 0.5,
    "recall": 1.0,
    "f1-score": 0.6666666666666666,
    "support": 2,
    "confused_with": {}
  },
  "empty": {
    "precision": 1.0,
    "recall": 1.0,
    "f1-score": 1.0,
    "support": 2,
    "confused_with": {}
  },
  "greet": {
    "precision": 0.8461538461538461,
    "recall": 0.9166666666666666,
    "f1-score": 0.8799999999999999,
    "support": 12,
    "confused_with": {
      "remove": 1
    }
  },
  "insert": {
    "precision": 0.875,
    "recall": 0.9545454545454546,
    "f1-score": 0.9130434782608695,
    "support": 22,
    "confused_with": {
      "greet": 1
    }
  },
  "remove": {
    "precision": 0.7777777777777778,
    "recall": 1.0,
    "f1-score": 0.8750000000000001,
    "support": 7,
    "confused_with": {}
  },
  "goodbye": {
    "precision": 0.0,
    "recall": 0.0,
    "f1-score": 0.0,
    "support": 2,
    "confused_with": {
      "insert": 1,
      "inform": 1
    }
  },
  "deny": {
    "precision": 0.0,
    "recall": 0.0,
    "f1-score": 0.0,
    "support": 2,
    "confused_with": {
      "affirm": 2
    }
  },
  "thankyou": {
    "precision": 1.0,
    "recall": 0.75,
    "f1-score": 0.8571428571428571,
    "support": 4,
    "confused_with": {
      "inform": 1
    }
  },
  "accuracy": 0.9,
  "macro avg": {
    "precision": 0.7240408059373578,
    "recall": 0.7762949916452151,
    "f1-score": 0.739366315696239,
    "support": 120
  },
  "weighted avg": {
    "precision": 0.8895403526869043,
    "recall": 0.9,
    "f1-score": 0.8912135499127187,
    "support": 120
  }
}