{
  "item": {
    "precision": 1.0,
    "recall": 1.0,
    "f1-score": 1.0,
    "support": 62,
    "confused_with": {}
  },
  "quantity": {
    "precision": 0.9642857142857143,
    "recall": 1.0,
    "f1-score": 0.9818181818181818,
    "support": 27,
    "confused_with": {}
  },
  "uom": {
    "precision": 1.0,
    "recall": 0.875,
    "f1-score": 0.9333333333333333,
    "support": 16,
    "confused_with": {}
  },
  "user": {
    "precision": 0.9772727272727273,
    "recall": 1.0,
    "f1-score": 0.9885057471264368,
    "support": 43,
    "confused_with": {}
  },
  "micro avg": {
    "precision": 0.9864864864864865,
    "recall": 0.9864864864864865,
    "f1-score": 0.9864864864864865,
    "support": 148
  },
  "macro avg": {
    "precision": 0.9853896103896105,
    "recall": 0.96875,
    "f1-score": 0.9759143155694879,
    "support": 148
  },
  "weighted avg": {
    "precision": 0.9868813618813619,
    "recall": 0.9864864864864865,
    "f1-score": 0.9861362930328447,
    "support": 148
  }
}