{
  "item": {
    "precision": 0.9545454545454546,
    "recall": 1.0,
    "f1-score": 0.9767441860465117,
    "support": 63,
    "confused_with": {}
  },
  "yes_no_answer": {
    "precision": 0.0,
    "recall": 0.0,
    "f1-score": 0.0,
    "support": 1,
    "confused_with": {}
  },
  "quantity": {
    "precision": 1.0,
    "recall": 1.0,
    "f1-score": 1.0,
    "support": 26,
    "confused_with": {}
  },
  "uom": {
    "precision": 0.9285714285714286,
    "recall": 0.8666666666666667,
    "f1-score": 0.896551724137931,
    "support": 15,
    "confused_with": {
      "item": 1
    }
  },
  "user": {
    "precision": 1.0,
    "recall": 0.9545454545454546,
    "f1-score": 0.9767441860465117,
    "support": 44,
    "confused_with": {
      "uom": 1,
      "item": 1
    }
  },
  "micro avg": {
    "precision": 0.972972972972973,
    "recall": 0.9664429530201343,
    "f1-score": 0.9696969696969697,
    "support": 149
  },
  "macro avg": {
    "precision": 0.7766233766233765,
    "recall": 0.7642424242424243,
    "f1-score": 0.7700080192461909,
    "support": 149
  },
  "weighted avg": {
    "precision": 0.9668787588250676,
    "recall": 0.9664429530201343,
    "f1-score": 0.9661738507989646,
    "support": 149
  }
}