{
  "logout": {
    "precision": 1.0,
    "recall": 1.0,
    "f1-score": 1.0,
    "support": 1,
    "confused_with": {}
  },
  "inform": {
    "precision": 0.9833333333333333,
    "recall": 0.9672131147540983,
    "f1-score": 0.9752066115702478,
    "support": 61,
    "confused_with": {
      "insert": 1,
      "affirm": 1
    }
  },
  "show": {
    "precision": 1.0,
    "recall": 0.8,
    "f1-score": 0.888888888888889,
    "support": 5,
    "confused_with": {
      "inform": 1
    }
  },
  "affirm": {
    "precision": 0.6666666666666666,
    "recall": 1.0,
    "f1-score": 0.8,
    "support": 2,
    "confused_with": {}
  },
  "empty": {
    "precision": 1.0,
    "recall": 1.0,
    "f1-score": 1.0,
    "support": 2,
    "confused_with": {}
  },
  "greet": {
    "precision": 0.8666666666666667,
    "recall": 1.0,
    "f1-score": 0.9285714285714286,
    "support": 13,
    "confused_with": {}
  },
  "insert": {
    "precision": 0.9565217391304348,
    "recall": 1.0,
    "f1-score": 0.9777777777777777,
    "support": 22,
    "confused_with": {}
  },
  "remove": {
    "precision": 1.0,
    "recall": 1.0,
    "f1-score": 1.0,
    "support": 8,
    "confused_with": {}
  },
  "goodbye": {
    "precision": 1.0,
    "recall": 0.6666666666666666,
    "f1-score": 0.8,
    "support": 3,
    "confused_with": {
      "greet": 1
    }
  },
  "deny": {
    "precision": 1.0,
    "recall": 0.5,
    "f1-score": 0.6666666666666666,
    "support": 2,
    "confused_with": {
      "greet": 1
    }
  },
  "thankyou": {
    "precision": 1.0,
    "recall": 1.0,
    "f1-score": 1.0,
    "support": 3,
    "confused_with": {}
  },
  "accuracy": 0.9590163934426229,
  "macro avg": {
    "precision": 0.9521080368906456,
    "recall": 0.9030799801291605,
    "f1-score": 0.91246467031591,
    "support": 122
  },
  "weighted avg": {
    "precision": 0.9641541933951058,
    "recall": 0.9590163934426229,
    "f1-score": 0.9577698423451031,
    "support": 122
  }
}