{
  "quantity": {
    "precision": 0.9230769230769231,
    "recall": 0.8571428571428571,
    "f1-score": 0.888888888888889,
    "support": 14,
    "confused_with": {
      "user": 1
    }
  },
  "item": {
    "precision": 1.0,
    "recall": 0.36363636363636365,
    "f1-score": 0.5333333333333333,
    "support": 55,
    "confused_with": {
      "user": 24
    }
  },
  "user": {
    "precision": 0.5352112676056338,
    "recall": 0.95,
    "f1-score": 0.6846846846846846,
    "support": 40,
    "confused_with": {}
  },
  "uom": {
    "precision": 1.0,
    "recall": 0.6363636363636364,
    "f1-score": 0.7777777777777778,
    "support": 11,
    "confused_with": {
      "user": 3
    }
  },
  "micro avg": {
    "precision": 0.6936936936936937,
    "recall": 0.6416666666666667,
    "f1-score": 0.6666666666666667,
    "support": 120
  },
  "macro avg": {
    "precision": 0.8645720476706392,
    "recall": 0.7017857142857142,
    "f1-score": 0.7211711711711711,
    "support": 120
  },
  "weighted avg": {
    "precision": 0.8360960635608523,
    "recall": 0.6416666666666667,
    "f1-score": 0.6476726726726727,
    "support": 120
  }
}