{
  "quantity": {
    "precision": 0.9230769230769231,
    "recall": 0.8571428571428571,
    "f1-score": 0.888888888888889,
    "support": 14,
    "confused_with": {}
  },
  "item": {
    "precision": 0.9117647058823529,
    "recall": 0.5636363636363636,
    "f1-score": 0.6966292134831461,
    "support": 55,
    "confused_with": {
      "user": 5
    }
  },
  "user": {
    "precision": 0.8695652173913043,
    "recall": 1.0,
    "f1-score": 0.9302325581395349,
    "support": 40,
    "confused_with": {}
  },
  "uom": {
    "precision": 1.0,
    "recall": 0.8181818181818182,
    "f1-score": 0.9,
    "support": 11,
    "confused_with": {
      "item": 1
    }
  },
  "micro avg": {
    "precision": 0.9019607843137255,
    "recall": 0.7666666666666667,
    "f1-score": 0.8288288288288289,
    "support": 120
  },
  "macro avg": {
    "precision": 0.9261017115876451,
    "recall": 0.8097402597402598,
    "f1-score": 0.8539376651278925,
    "support": 120
  },
  "weighted avg": {
    "precision": 0.9071062036854876,
    "recall": 0.7666666666666667,
    "f1-score": 0.8155696125966574,
    "support": 120
  }
}