{
  "item": {
    "precision": 0.96875,
    "recall": 0.9841269841269841,
    "f1-score": 0.9763779527559054,
    "support": 63,
    "confused_with": {
      "user": 1
    }
  },
  "yes_no_answer": {
    "precision": 0.0,
    "recall": 0.0,
    "f1-score": 0.0,
    "support": 1,
    "confused_with": {}
  },
  "quantity": {
    "precision": 0.9259259259259259,
    "recall": 0.9615384615384616,
    "f1-score": 0.9433962264150944,
    "support": 26,
    "confused_with": {}
  },
  "uom": {
    "precision": 1.0,
    "recall": 0.9333333333333333,
    "f1-score": 0.9655172413793104,
    "support": 15,
    "confused_with": {}
  },
  "user": {
    "precision": 0.9767441860465116,
    "recall": 0.9545454545454546,
    "f1-score": 0.9655172413793104,
    "support": 44,
    "confused_with": {
      "item": 1
    }
  },
  "micro avg": {
    "precision": 0.9662162162162162,
    "recall": 0.959731543624161,
    "f1-score": 0.962962962962963,
    "support": 149
  },
  "macro avg": {
    "precision": 0.7742840223944876,
    "recall": 0.7667088467088468,
    "f1-score": 0.7701617323859241,
    "support": 149
  },
  "weighted avg": {
    "precision": 0.9602823373162456,
    "recall": 0.959731543624161,
    "f1-score": 0.9597693298778108,
    "support": 149
  }
}